annotation_id,pair_id,source,dataset_name,speaker_a,turn_a,speaker_b,turn_b,resonance_present,label_reproduction,label_parallelism,label_selective_reuse,label_repair,label_contrast,label_analogy_candidate,evidence_span_a,evidence_span_b,annotator_note,uncertainty_reason,gold_candidate_status,top30_review_applied,reviewer_confidence,final_decision_note,previous_resonance_present,previous_label_reproduction,previous_label_parallelism,previous_label_selective_reuse,previous_label_repair,previous_label_contrast,previous_label_analogy_candidate,previous_evidence_span_a,previous_evidence_span_b,gold_candidate_v2_status,round2_review_applied,round2_reviewer_confidence,round2_final_decision_note,round2_previous_resonance_present,round2_previous_label_reproduction,round2_previous_label_parallelism,round2_previous_label_selective_reuse,round2_previous_label_repair,round2_previous_label_contrast,round2_previous_label_analogy_candidate,round2_previous_evidence_span_a,round2_previous_evidence_span_b,gold_candidate_v3_status,final_sanity_review_applied,final_sanity_reviewer_confidence,final_sanity_final_decision_note,final_sanity_previous_resonance_present,final_sanity_previous_label_reproduction,final_sanity_previous_label_parallelism,final_sanity_previous_label_selective_reuse,final_sanity_previous_label_repair,final_sanity_previous_label_contrast,final_sanity_previous_label_analogy_candidate,final_sanity_previous_evidence_span_a,final_sanity_previous_evidence_span_b,final_sanity_inferred_from_user_message,final_sanity_changed_fields,gold_v1_status,gold_v1_freeze_source,gold_v1_frozen_at
F300V1-0001,2735988,文本对话,世说新语,王子敬,嘉宾何如道季？,谢公,道季诚复钞撮清悟，嘉宾故自上。,yes,1,1,1,0,1,0,嘉宾 ||| 道季,道季 ||| 嘉宾,B复现A中的两个人物名，并对二者高下作出比较性回答，形成问答填槽、结构对齐和对比评价。,,ai_assisted_unreviewed,0,,,,,,,,,,,,ai_assisted_unreviewed,0,,,,,,,,,,,,gold_candidate_v3_carried_from_v2,0,,,,,,,,,,,,0,,frozen_gold_v1,formal_300_v1_gold_candidate_v3,2026-06-21
F300V1-0002,2734081,文本对话,论语,或人,子奚不为政？,孔子,书云：孝乎！惟孝友于兄弟，施于有政。是亦为政。奚其为为政！,yes,1,1,1,1,1,0,子奚不为政 ||| 为政,是亦为政 ||| 奚其为为政,B复现“为政”并纠正A中“子不为政”的预设，形成修正性回应和对比。,,ai_assisted_unreviewed,0,,,,,,,,,,,,ai_assisted_unreviewed,0,,,,,,,,,,,,gold_candidate_v3_carried_from_v2,0,,,,,,,,,,,,0,,frozen_gold_v1,formal_300_v1_gold_candidate_v3,2026-06-21
F300V1-0003,2720679,文本对话,平凡的世界,金波,人家不爱你，又有什么办法！,向前,她不爱我，我也要爱她！,yes,1,1,1,0,1,0,不爱你 ||| 爱,她不爱我 ||| 我也要爱她,B密集复现“爱/不爱”框架，将A的否定判断转化为自己的坚持，形成强复现、平行和对比。,,ai_assisted_unreviewed,0,,,,,,,,,,,,ai_assisted_unreviewed,0,,,,,,,,,,,,gold_candidate_v3_carried_from_v2,0,,,,,,,,,,,,0,,frozen_gold_v1,formal_300_v1_gold_candidate_v3,2026-06-21
F300V1-0004,2691301,文本对话,红楼梦,凤姐儿,怕什么，你们只管说罢，重名重姓的多呢。,贾母,怪道叫作《凤求鸾》。不用说，我猜着了，自然是这王熙凤要求这雏鸾小姐为妻。,no,0,0,0,0,0,0,,,B虽承接前文猜谜情境，但没有稳定复现或改造A中的具体句法资源，暂不标为共鸣。,,top30_reviewed,1,high,B虽承接猜谜情境，但没有稳定复现或改造A中“重名重姓”等具体表达资源，保持no。,no,0,0,0,0,0,0,,,top30_reviewed,0,,,,,,,,,,,,gold_candidate_v3_carried_from_v2,0,,,,,,,,,,,,0,,frozen_gold_v1,formal_300_v1_gold_candidate_v3,2026-06-21
F300V1-0005,2683088,日常对话,青云语料,问,"在上一条我回复你,你怎么不回复我",答,我也要思考啊，不能随便回你话吧，那会让你觉得菲菲好笨的,yes,1,0,1,0,0,0,回复你 ||| 你怎么不回复我,回你话,B复现“回复/回你话”这一核心行为，并对A的追问作解释性回应。,,ai_assisted_unreviewed,0,,,,,,,,,,,,ai_assisted_unreviewed,0,,,,,,,,,,,,gold_candidate_v3_carried_from_v2,0,,,,,,,,,,,,0,,frozen_gold_v1,formal_300_v1_gold_candidate_v3,2026-06-21
F300V1-0006,2740972,影视对白,subtitle-useless,,感觉不错,,感觉还好吗?,yes,1,0,1,0,0,0,感觉不错,感觉还好吗,B复现“感觉”并围绕同一评价状态继续追问，属于较弱的词汇复现和选择性承接。,,ai_assisted_unreviewed,0,,,,,,,,,,,,ai_assisted_unreviewed,0,,,,,,,,,,,,gold_candidate_v3_carried_from_v2,0,,,,,,,,,,,,0,,frozen_gold_v1,formal_300_v1_gold_candidate_v3,2026-06-21
F300V1-0007,2724086,文本对话,唐传奇,先生,不害狼乎？,丈人,禽兽负恩如是，而犹不忍杀。子固仁者，然愚亦甚矣。从井以救人，解衣以活友，于彼计则得，其如就死地何！先生其此类乎？仁陷于愚，固君子之所不与也。,yes,0,0,1,0,1,0,不害狼乎,不忍杀,B承接A关于是否伤害狼的质问，以“不忍杀”解释并反向评价该行为，属于语义选择性承接和对比。,,ai_assisted_unreviewed,0,,,,,,,,,,,,ai_assisted_unreviewed,0,,,,,,,,,,,,gold_candidate_v3_carried_from_v2,0,,,,,,,,,,,,0,,frozen_gold_v1,formal_300_v1_gold_candidate_v3,2026-06-21
F300V1-0008,2723050,文本对话,骆驼祥子,祥子,两辆车一天进上三毛钱，不够吃的！赁出一辆，我自己拉一辆，凑合了！,虎妞,那还不是一样？你还是不着家儿！,yes,0,0,1,0,1,0,赁出一辆，我自己拉一辆,那还不是一样,B直接评价A提出的处理方案，指出结果“还是一样”，形成对方案的选择性承接和反驳。,,ai_assisted_unreviewed,0,,,,,,,,,,,,ai_assisted_unreviewed,0,,,,,,,,,,,,gold_candidate_v3_carried_from_v2,0,,,,,,,,,,,,0,,frozen_gold_v1,formal_300_v1_gold_candidate_v3,2026-06-21
F300V1-0009,2693793,访谈语料,china_interview,中国网,中华人民共和国《中医药法》于7月1日刚刚实施，中医药法的实施对于中医药走出去和国际合作将产生怎样的影响？,王笑频,影响是具有历史性的，意义是非常重大的。因为《中医药法》是我们的根本大法，它明确了国家发展事业根本的取向、原则以及重点的发展领域，法理对走向国际，对于中医药的国际标准化都有明确的内容。所以我们下一步按照这个法来全面推动，不断的把顶层设计完善起来，要把具体的项目落到实处，而且还要秉承丝绸之路精神，共商、共享、共建，和全世界有志于发展的国家联合起来，共同让传统医学造福人类健康。,yes,1,0,1,0,0,0,中医药法 ||| 影响,影响 ||| 中医药法,B复现A中的“中医药法/影响”焦点，并围绕其国际影响展开回答。,,ai_assisted_unreviewed,0,,,,,,,,,,,,ai_assisted_unreviewed,0,,,,,,,,,,,,gold_candidate_v3_carried_from_v2,0,,,,,,,,,,,,0,,frozen_gold_v1,formal_300_v1_gold_candidate_v3,2026-06-21
F300V1-0010,2773838,日常对话,douban-multiturn-100w,甲,决心加入msf的进,乙,不是学医的可以申请msf吗有什么要求新人求指点,yes,1,0,1,0,0,0,msf,msf,B复现“msf”，并围绕A提出的加入主题继续追问申请条件。,,ai_assisted_unreviewed,0,,,,,,,,,,,,ai_assisted_unreviewed,0,,,,,,,,,,,,gold_candidate_v3_carried_from_v2,0,,,,,,,,,,,,0,,frozen_gold_v1,formal_300_v1_gold_candidate_v3,2026-06-21
F300V1-0011,2734742,文本对话,老乞大,甲,委实没许多好银子，敢则到的九十两，那零的二十八两，与你青丝如何？,乙,客人看，这偌多交易，要甚麽争竞？,no,0,0,0,0,0,0,,,B只是对交易争竞作回应，缺少可稳定定位的词汇复现、结构平行或槽位映射。,,top30_reviewed,1,high,B只是对交易争竞作回应，缺少可定位的词汇复现、结构平行或槽位映射，保持no。,no,0,0,0,0,0,0,,,top30_reviewed,0,,,,,,,,,,,,gold_candidate_v3_carried_from_v2,0,,,,,,,,,,,,0,,frozen_gold_v1,formal_300_v1_gold_candidate_v3,2026-06-21
F300V1-0012,2651858,日常对话,qingyun-11w,问,为什么这么聪明,答,哪里哪里，菲菲的聪明与进步全得益于跟你们猥琐的聊天对话...,yes,1,0,1,0,1,0,聪明,哪里哪里 ||| 聪明,B复现“聪明”，同时用“哪里哪里”对A的夸赞作谦逊式回应，形成弱对比。,,ai_assisted_unreviewed,0,,,,,,,,,,,,ai_assisted_unreviewed,0,,,,,,,,,,,,gold_candidate_v3_carried_from_v2,0,,,,,,,,,,,,0,,frozen_gold_v1,formal_300_v1_gold_candidate_v3,2026-06-21
F300V1-0013,2998903,日常对话,chatterbot,,优美胜于丑陋.,,明了胜于晦涩.,yes,1,1,0,0,0,1,优美胜于丑陋,明了胜于晦涩,两轮共享“X胜于Y”构式，评价维度成对替换，属于强结构平行和类比候选。,,ai_assisted_unreviewed,0,,,,,,,,,,,,ai_assisted_unreviewed,0,,,,,,,,,,,,gold_candidate_v3_after_final_sanity,1,high,两轮共享“X胜于Y”构式，评价维度成对替换，保留核心parallelism和analogy_candidate，维持yes。,yes,1,1,0,0,0,1,优美胜于丑陋,明了胜于晦涩,0,,frozen_gold_v1,formal_300_v1_gold_candidate_v3,2026-06-21
F300V1-0014,2754499,网络回帖,贴吧回帖,上文,参考现在的朝鲜,回帖,为毛不参考呆湾,yes,1,1,1,0,1,1,参考现在的朝鲜,不参考呆湾,B复现“参考”框架并替换比较对象，用同一论证格式反向质疑A。,,ai_assisted_unreviewed,0,,,,,,,,,,,,ai_assisted_unreviewed,0,,,,,,,,,,,,gold_candidate_v3_carried_from_v2,0,,,,,,,,,,,,0,,frozen_gold_v1,formal_300_v1_gold_candidate_v3,2026-06-21
F300V1-0015,2695098,访谈语料,mfa_press,东方卫视记者,我们关注到有报道表示，日前，韩国法院判决日本企业向二战期间强征劳工受害者支付赔偿，遭到日本政府抗议。日本外相在G20外长会期间就此向韩外长表达了强烈的遗憾。有媒体评论称，近两年韩日关系虽然得到改善，但日方对历史问题的不当态度丝毫没有改变，反而愈发傲慢。请问中方对此有何评论？,毛宁,强征和奴役劳工是日本军国主义在对外侵略和殖民统治期间对包括中国、韩国等在内的亚洲国家人民犯下的严重人道主义罪行。这一历史事实铁证如山，不容否认和篡改。中方始终要求日本政府以诚实和负责任的态度妥善处理历史遗留问题。日方应当正视和深刻反省历史，以实际行动体现对历史罪行的忏悔和对受害者的尊重，并以正确史观教育下一代。只有这样，日本才能真正取信于亚洲邻国和国际社会。,yes,1,0,1,0,0,0,历史问题 ||| 有何评论,历史事实 ||| 历史遗留问题,B选择性承接A提出的历史问题与评论请求，并复现“历史”相关核心议题。,,ai_assisted_unreviewed,0,,,,,,,,,,,,ai_assisted_unreviewed,0,,,,,,,,,,,,gold_candidate_v3_carried_from_v2,0,,,,,,,,,,,,0,,frozen_gold_v1,formal_300_v1_gold_candidate_v3,2026-06-21
F300V1-0016,2724809,文本对话,朱子语类,问者,人之习为不善，其溺已深者，终不可复反矣,朱子,势极重者不可反，亦在乎识之浅深与其用力之多寡耳,yes,1,0,1,1,1,0,终不可复反矣,不可反 ||| 亦在乎,B复现“不可反”，同时对A的绝对判断作条件化修正，形成修正和对比。,,ai_assisted_unreviewed,0,,,,,,,,,,,,ai_assisted_unreviewed,0,,,,,,,,,,,,gold_candidate_v3_carried_from_v2,0,,,,,,,,,,,,0,,frozen_gold_v1,formal_300_v1_gold_candidate_v3,2026-06-21
F300V1-0017,2651506,多模态语料,local-audio-demo,,像果腐那样新鲜的果腐,,不是,yes,0,0,1,0,1,0,像果腐那样新鲜的果腐,不是,B用“不是”直接否定A中的整体判断，属于对前句命题的选择性否定。,,ai_assisted_unreviewed,0,,,,,,,,,,,,ai_assisted_unreviewed,0,,,,,,,,,,,,gold_candidate_v3_carried_from_v2,0,,,,,,,,,,,,0,,frozen_gold_v1,formal_300_v1_gold_candidate_v3,2026-06-21
F300V1-0018,2694202,访谈语料,china_live,中央广播电视总台“看台海”新媒体记者,近日，大陆高铁运营里程超5万公里的新闻引起岛内热议。有舆论称，台湾长期饱受能源不足、基础设施老旧困扰，如果引进大陆资金、技术，打通中央山脉、改善花东交通等都不是问题，从花莲、台东回台北再也不必担心路断山崩，那才是真正的安全感。也有网友表示，期待有朝一日搭乘高铁横跨台湾海峡往来两岸。对此有何评论？,张晗,大陆的高铁建设举世瞩目，“十四五”以来，大陆建成投运高铁超1.2万公里，128个县迈入了高铁时代，目前高铁总里程5.04万公里，覆盖97%的50万以上城区人口城市，建成了世界上规模最大、现代化水平最高的高速铁路网。飞驰的高铁让距离变“小”，让梦想变“大”，让远方不再遥远。 和平统一将给台湾经济社会发展创造巨大机遇。有强大祖国做后盾，台湾包括基础设施建设等在内的方方面面都会更好。台湾同胞将同大陆同胞一道，共享我们伟大国家的尊严和荣耀，共享中国式现代化发展成果，迎来繁荣稳定的光明未来。,yes,1,0,1,0,0,0,高铁 ||| 台湾,高铁 ||| 台湾,B复现A中的“高铁/台湾”等核心议题，并围绕其意义展开回应。,,ai_assisted_unreviewed,0,,,,,,,,,,,,ai_assisted_unreviewed,0,,,,,,,,,,,,gold_candidate_v3_carried_from_v2,0,,,,,,,,,,,,0,,frozen_gold_v1,formal_300_v1_gold_candidate_v3,2026-06-21
F300V1-0019,2724151,文本对话,清平山堂话本,奚真人,汝为怪物，焉敢缠害命官之子？,三个,他不合冲塞了我水门。告我师，可饶恕，不曾损他性命。,yes,0,0,1,1,1,0,缠害命官之子,不曾损他性命,B针对A的伤害指控作否认和解释，形成修正性回应与对比。,,ai_assisted_unreviewed,0,,,,,,,,,,,,ai_assisted_unreviewed,0,,,,,,,,,,,,gold_candidate_v3_carried_from_v2,0,,,,,,,,,,,,0,,frozen_gold_v1,formal_300_v1_gold_candidate_v3,2026-06-21
F300V1-0020,2751447,日常对话,chatterbot-1k,,什么是化学,,混合化学品的科学。,yes,1,0,1,0,0,0,化学,化学品 ||| 科学,B围绕“化学是什么”的开放槽位作定义式回答，并复现“化学”相关词形。,,ai_assisted_unreviewed,0,,,,,,,,,,,,ai_assisted_unreviewed,0,,,,,,,,,,,,gold_candidate_v3_carried_from_v2,0,,,,,,,,,,,,0,,frozen_gold_v1,formal_300_v1_gold_candidate_v3,2026-06-21
F300V1-0021,2705055,文本对话,水浒传,李公,他把许多金银与我家，不与他担些干系，买我们做甚么？,虔婆,老畜生！你这般说，却似放屁！我这行院人家，坑陷了千千万万的人，岂争他一个！你若不去首告，我亲自去衙前叫屈，和你也说在里面！,yes,0,0,1,0,1,0,买我们做甚么,岂争他一个,B承接A关于“为何牵连/买我们”的疑问，以“岂争他一个”反向驳斥其推断。,,ai_assisted_unreviewed,0,,,,,,,,,,,,ai_assisted_unreviewed,0,,,,,,,,,,,,gold_candidate_v3_carried_from_v2,0,,,,,,,,,,,,0,,frozen_gold_v1,formal_300_v1_gold_candidate_v3,2026-06-21
F300V1-0022,2856607,网络回帖,tieba-305w,上帖,你知道朝北大悦城旁的那家吗，我认识那里的老师傅，做的绝对牛b，只是人家轻易不做,回帖,便宜坊是正经的好牌子，全聚德就拉倒吧,no,0,0,0,0,0,0,,,B转向评价具体品牌，和A的话题相关但没有稳定复现A的表达或结构资源。,,top30_reviewed,1,high,B转向评价具体品牌，和A的话题相关但没有稳定复现A的表达或结构资源，保持no。,no,0,0,0,0,0,0,,,top30_reviewed,0,,,,,,,,,,,,gold_candidate_v3_carried_from_v2,0,,,,,,,,,,,,0,,frozen_gold_v1,formal_300_v1_gold_candidate_v3,2026-06-21
F300V1-0023,2678369,文本对话,雷雨,周朴园,你现在做什么？,周萍,我到书房，看看爸写的介绍信在那儿没有。,yes,0,1,1,0,0,0,做什么,到书房,B以具体行动填入A的“做什么”开放槽位，属于填槽型弱共鸣。,,ai_assisted_unreviewed,0,,,,,,,,,,,,ai_assisted_unreviewed,0,,,,,,,,,,,,gold_candidate_v3_carried_from_v2,0,,,,,,,,,,,,0,,frozen_gold_v1,formal_300_v1_gold_candidate_v3,2026-06-21
F300V1-0024,2712070,文本对话,西游记,行者,在西梁国毒敌山琵琶洞。,星官,那山洞有甚妖怪，却来呼唤小神？,yes,1,0,1,0,0,0,毒敌山琵琶洞,那山洞,B用“那山洞”稳定指回A提供的地点，并围绕该地点继续追问妖怪信息。,,ai_assisted_unreviewed,0,,,,,,,,,,,,ai_assisted_unreviewed,0,,,,,,,,,,,,gold_candidate_v3_carried_from_v2,0,,,,,,,,,,,,0,,frozen_gold_v1,formal_300_v1_gold_candidate_v3,2026-06-21
F300V1-0025,2733860,文本对话,孟子,匡章,是何伤哉？彼身织屦，妻辟纑，以易之也,孟子,仲子，齐之世家也。兄戴，盖禄万钟。以兄之禄为不义之禄而不食也，以兄之室为不义之室而不居也，辟兄离母，处于于陵。他日归，则有馈其兄生鹅者，己频顣曰：‘恶用是鶃鶃者为哉？’他日，其母杀是鹅也，与之食之。其兄自外至，曰：‘是鶂鶂之肉也。’出而哇之。以母则不食，以妻则食之；以兄之室则弗居，以于陵则居之。是尚为能充其类也乎？若仲子者，蚓而后充其操者也,yes,1,1,1,1,1,0,是何伤哉 ||| 以易之也,是尚为能充其类也乎 ||| 以兄之禄 ||| 以兄之室,B通过长段反例回应A的辩解，复用“以……之”类结构并对A判断作反驳。,,ai_assisted_unreviewed,0,,,,,,,,,,,,ai_assisted_unreviewed,0,,,,,,,,,,,,gold_candidate_v3_carried_from_v2,0,,,,,,,,,,,,0,,frozen_gold_v1,formal_300_v1_gold_candidate_v3,2026-06-21
F300V1-0026,2734780,文本对话,朴通事,乙,官人们都来了。将些乾按酒来。就将那烧肉来。我们先吃两巡酒。后头抬卓儿，弹的们动乐器，叫唱的根前来，着他唱。,甲,如今抬卓儿上汤着。捧汤的都来。第一道熝羊蒸卷，第二道金银豆腐汤，第三道鲜笋灯笼汤，第四道三鲜汤，第五道五软三下锅，第六道鸡脆芙蓉汤，都着些细料物。第七道粉汤馒头。官人们待散也，疾快旋将酒来，把上马杯儿。如今唱达达曲儿，吹笛儿着。今日个日头，咱弟兄们和顺的上头，皇帝的大福阴里，酒也醉了，茶饭也饱了,yes,1,0,1,0,0,0,抬卓儿 ||| 酒,抬卓儿 ||| 酒,B复现宴席程序中的“抬卓儿/酒”等核心流程词，并继续展开同一宴饮安排。,,ai_assisted_unreviewed,0,,,,,,,,,,,,ai_assisted_unreviewed,0,,,,,,,,,,,,gold_candidate_v3_carried_from_v2,0,,,,,,,,,,,,0,,frozen_gold_v1,formal_300_v1_gold_candidate_v3,2026-06-21
F300V1-0027,2735516,文本对话,世说新语,道家,由来有何异同得失？,子敬,不觉有余事，惟忆与郗家离婚。,yes,0,0,1,0,1,0,有何异同得失,不觉有余事 ||| 惟忆,B回答A要求比较异同得失的问题，以“无余事，惟忆……”限定答案范围，形成选择性回应和弱对比。,,ai_assisted_unreviewed,0,,,,,,,,,,,,ai_assisted_unreviewed,0,,,,,,,,,,,,gold_candidate_v3_carried_from_v2,0,,,,,,,,,,,,0,,frozen_gold_v1,formal_300_v1_gold_candidate_v3,2026-06-21
F300V1-0028,2734095,文本对话,论语,或人,管仲俭乎？,孔子,管氏有三归，官事不摄。焉得俭？,yes,1,0,1,1,1,0,管仲俭乎,焉得俭,B复现“俭”，并以反问方式否定A提出的可能判断，形成修正和对比。,,ai_assisted_unreviewed,0,,,,,,,,,,,,ai_assisted_unreviewed,0,,,,,,,,,,,,gold_candidate_v3_carried_from_v2,0,,,,,,,,,,,,0,,frozen_gold_v1,formal_300_v1_gold_candidate_v3,2026-06-21
F300V1-0029,2718511,文本对话,平凡的世界,晓霞,气质嘛……反正我也不会确切解释，但我知道是什么意思。你的气质就是不错！,晓霞,你还应该看《参考消息》！,no,0,0,0,0,0,0,,,B转入新的建议“看《参考消息》”，与A的“气质”评价之间缺少明确复现、填槽或结构映射。,,top30_reviewed,1,high,B转入新的建议“看《参考消息》”，与A的“气质”评价之间缺少明确复现、填槽或结构映射，保持no。,no,0,0,0,0,0,0,,,top30_reviewed,0,,,,,,,,,,,,gold_candidate_v3_carried_from_v2,0,,,,,,,,,,,,0,,frozen_gold_v1,formal_300_v1_gold_candidate_v3,2026-06-21
F300V1-0030,2680659,文本对话,红楼梦,丙,前娘娘所制，俱已猜着，惟二小姐与三爷猜的不是。小姐们作的也都猜了，不知是否。,又听太监,三爷说的这个不通，娘娘也没猜，叫我带回问三爷是个什么。,yes,1,0,1,1,0,0,三爷猜的不是 ||| 不知是否,三爷说的这个不通 ||| 娘娘也没猜,B复现“三爷/猜”等核心信息，并对前句中“猜得是否正确”的问题作进一步澄清。,,ai_assisted_unreviewed,0,,,,,,,,,,,,ai_assisted_unreviewed,0,,,,,,,,,,,,gold_candidate_v3_carried_from_v2,0,,,,,,,,,,,,0,,frozen_gold_v1,formal_300_v1_gold_candidate_v3,2026-06-21
F300V1-0031,2747704,日常对话,青云语料,问,没事~,答,哦，没事就好,yes,1,0,1,0,0,0,没事,没事就好,B复现A中的“没事”，并将其扩展为安慰性回应。,,ai_assisted_unreviewed,0,,,,,,,,,,,,ai_assisted_unreviewed,0,,,,,,,,,,,,gold_candidate_v3_carried_from_v2,0,,,,,,,,,,,,0,,frozen_gold_v1,formal_300_v1_gold_candidate_v3,2026-06-21
F300V1-0032,2693230,影视对白,subtitle-useless,,快走快,,快快走快跑快跑,yes,1,1,1,0,0,0,快走 ||| 快,快快走 ||| 快跑,B密集复现“快/走”的催促形式，并加强为连续行动指令。,,ai_assisted_unreviewed,0,,,,,,,,,,,,ai_assisted_unreviewed,0,,,,,,,,,,,,gold_candidate_v3_carried_from_v2,0,,,,,,,,,,,,0,,frozen_gold_v1,formal_300_v1_gold_candidate_v3,2026-06-21
F300V1-0033,2723890,文本对话,唐传奇,,【帝】：碧海无涯，仙人路绝，何计通耗？,,【妃】：若遇雁府上人，可附信矣。,yes,0,0,1,0,0,0,何计通耗,可附信,B以“可附信”填补A提出的“何计通耗”方法槽位，属于问答填槽型弱共鸣。,,ai_assisted_unreviewed,0,,,,,,,,,,,,ai_assisted_unreviewed,0,,,,,,,,,,,,gold_candidate_v3_carried_from_v2,0,,,,,,,,,,,,0,,frozen_gold_v1,formal_300_v1_gold_candidate_v3,2026-06-21
F300V1-0034,2722630,文本对话,骆驼祥子,祥子,给多少是多少！,老者,你看，你看，二三十块钱真不好说出口来，可是还真不容易往外拿呢；这个年头，没法子！,yes,0,0,1,0,0,0,给多少,二三十块钱,B围绕A提出的给钱数量问题继续展开，并给出具体金额区间。,,ai_assisted_unreviewed,0,,,,,,,,,,,,ai_assisted_unreviewed,0,,,,,,,,,,,,gold_candidate_v3_carried_from_v2,0,,,,,,,,,,,,0,,frozen_gold_v1,formal_300_v1_gold_candidate_v3,2026-06-21
F300V1-0035,2694005,访谈语料,china_interview,郭志刚,当今世界正在发生前所未有的大变局，战争形态正在加速向信息化战争演变，世界各主要国家都在加速推进军事转型，加速推进军事力量的结构重塑，谋求战略竞争和博弈占领主动地位和优势地位。 我国现在正处于什么阶段呢？就是国家正处在由大向强的关键阶段，必须深化军队改革，这样我们这支军队才能担负起为实现中华民族伟大复兴的中国梦提供力量支撑的历史使命。所以，这次军改是新中国成立后规模最大、最彻底的一次改革，建国后我们进行了十几次体制编制的调整和改革，这次是最彻底的，是一次整体性、革命性的变革，我们说是真正的脱胎换骨。,中国网,可以说意义深远。,no,0,0,0,0,0,0,,,B只是对A的长段说明作概括性评价，未形成可定位的复现、填槽或结构映射。,,top30_reviewed,1,high,B只是对A长段说明作概括性评价，未形成可定位复现、填槽或结构映射，保持no。,no,0,0,0,0,0,0,,,top30_reviewed,0,,,,,,,,,,,,gold_candidate_v3_carried_from_v2,0,,,,,,,,,,,,0,,frozen_gold_v1,formal_300_v1_gold_candidate_v3,2026-06-21
F300V1-0036,2848416,日常对话,douban-multiturn-100w,乙,蓝罐曲奇,甲,蓝罐曲奇是什么阿,yes,1,0,1,0,0,0,蓝罐曲奇,蓝罐曲奇是什么阿,B复现A中的“蓝罐曲奇”，并将其转化为追问对象。,,ai_assisted_unreviewed,0,,,,,,,,,,,,ai_assisted_unreviewed,0,,,,,,,,,,,,gold_candidate_v3_carried_from_v2,0,,,,,,,,,,,,0,,frozen_gold_v1,formal_300_v1_gold_candidate_v3,2026-06-21
F300V1-0037,2734283,文本对话,老乞大,乙,每日清早晨起来，到学里。师傅上受了文书，放学，到家里吃饭罢，却到学里写仿书，写仿书罢对句，对句罢吟诗，吟诗罢师傅前讲书。,甲,讲甚麽文书？,yes,1,0,1,0,0,0,文书 ||| 讲书,讲甚麽文书,B复现“文书/讲”的学习活动信息，并选择性追问所讲内容。,,ai_assisted_unreviewed,0,,,,,,,,,,,,ai_assisted_unreviewed,0,,,,,,,,,,,,gold_candidate_v3_carried_from_v2,0,,,,,,,,,,,,0,,frozen_gold_v1,formal_300_v1_gold_candidate_v3,2026-06-21
F300V1-0038,2748811,日常对话,qingyun-11w,问,宝贝饿了？怎么都不知道照顾好自己呢？,答,谁说不知道了,yes,1,0,1,0,1,0,不知道,谁说不知道了,B复现“不知道”，并用反问否定A的预设，形成选择性承接和对比。,,ai_assisted_unreviewed,0,,,,,,,,,,,,ai_assisted_unreviewed,0,,,,,,,,,,,,gold_candidate_v3_carried_from_v2,0,,,,,,,,,,,,0,,frozen_gold_v1,formal_300_v1_gold_candidate_v3,2026-06-21
F300V1-0039,2804095,日常对话,chatterbot,,你最喜欢的编程语言是什么,,Python是创建聊天机器人的最佳语言。,yes,1,1,1,0,0,0,编程语言是什么,Python ||| 语言,B以“Python”填入A的“编程语言是什么”槽位，并保留“语言”这一类别。,,ai_assisted_unreviewed,0,,,,,,,,,,,,ai_assisted_unreviewed,0,,,,,,,,,,,,gold_candidate_v3_carried_from_v2,0,,,,,,,,,,,,0,,frozen_gold_v1,formal_300_v1_gold_candidate_v3,2026-06-21
F300V1-0040,2775250,网络回帖,贴吧回帖,上文,被娜娜 3比0 横扫,回帖,0娜娜，何等威风,yes,1,0,1,0,1,0,娜娜 ||| 3比0,0娜娜,B复现“娜娜/0”等比赛结果元素，并以讽刺方式重新评价前句内容。,,ai_assisted_unreviewed,0,,,,,,,,,,,,ai_assisted_unreviewed,0,,,,,,,,,,,,gold_candidate_v3_carried_from_v2,0,,,,,,,,,,,,0,,frozen_gold_v1,formal_300_v1_gold_candidate_v3,2026-06-21
F300V1-0041,2696642,访谈语料,mfa_press,郭嘉昆,金砖国家是新兴市场国家和发展中国家合作的重要平台，为世界多极化和国际关系民主化注入强劲动力，得到南方国家广泛认同。金砖国家重视“全球南方”伙伴参与金砖合作的积极意愿，欢迎马来西亚和更多志同道合的伙伴参与金砖合作，共同推动国际秩序朝着更加公正合理方向发展。,《北京青年报》记者,《全面禁止核试验条约》组织筹委会临时技术秘书处执行秘书弗洛伊德在社交平台表示，2026年是条约达成30周年，中国在开放签署首日即签署条约，积极推进国际监测台站核证等工作；中国启动两所辅助地震台站核证程序，体现了中方践行多边主义、致力于全球和平与安全。请问中方对此有何评论？,no,0,0,0,0,0,0,,,A与B话题明显跳转，缺少相邻回应关系和可定位的共鸣机制。,,top30_reviewed,1,high,A与B话题明显跳转，B未稳定承接A中的金砖合作议题，保持no。,no,0,0,0,0,0,0,,,top30_reviewed,0,,,,,,,,,,,,gold_candidate_v3_carried_from_v2,0,,,,,,,,,,,,0,,frozen_gold_v1,formal_300_v1_gold_candidate_v3,2026-06-21
F300V1-0042,2725697,文本对话,朱子语类,问者,『人不知而不愠』，此是所得深后，外物不足为轻重。学到此方始是成否？,朱子,此事极难。愠，非勃然而怒之谓，只有些小不快活处便是,yes,1,0,1,1,0,0,不愠,愠,B复现“愠”，并对该词义作解释和澄清，属于选择性承接和修正。,,ai_assisted_unreviewed,0,,,,,,,,,,,,ai_assisted_unreviewed,0,,,,,,,,,,,,gold_candidate_v3_carried_from_v2,0,,,,,,,,,,,,0,,frozen_gold_v1,formal_300_v1_gold_candidate_v3,2026-06-21
F300V1-0043,2651422,多模态语料,local-audio-demo,,你一旦告诉我它是兔子,,我就没法吃了,yes,0,1,1,0,0,0,一旦告诉我它是兔子,我就没法吃了,B补全A提出的条件结构，形成“一旦……就……”的跨话轮结构配合。,,ai_assisted_unreviewed,0,,,,,,,,,,,,ai_assisted_unreviewed,0,,,,,,,,,,,,gold_candidate_v3_carried_from_v2,0,,,,,,,,,,,,0,,frozen_gold_v1,formal_300_v1_gold_candidate_v3,2026-06-21
F300V1-0044,2694236,访谈语料,china_live,,南方日报、南方+记者：近日，台“民主文教基金会”公布的一份岛内民调显示，对于两岸如果发生军事冲突，有54.4%受访者认为美国一定不会或可能不会无条件出兵保护台湾，认为会的仅为28.6%。请问对此有何评论？,张晗,有关民调再次表明，越来越多台湾同胞认识到“台独”是绝路、外人靠不住，认识到在美国眼里，台湾只是遏制大陆发展的“棋子”，也是随时可以被抛弃的“弃子”。 必须强调，台湾问题纯属中国内政，不容任何外来干涉。民进党当局顽固“倚美谋独”，换不来安全与和平，只会祸及当下，贻害子孙。,yes,1,0,1,0,0,0,民调 ||| 台湾,有关民调 ||| 台湾,B复现A中的“民调/台湾”议题，并围绕该议题展开回应。,,ai_assisted_unreviewed,0,,,,,,,,,,,,ai_assisted_unreviewed,0,,,,,,,,,,,,gold_candidate_v3_carried_from_v2,0,,,,,,,,,,,,0,,frozen_gold_v1,formal_300_v1_gold_candidate_v3,2026-06-21
F300V1-0045,2724332,文本对话,清平山堂话本,夫人,妾闻'男冠而有室，女笄而有家'，今琼年二十，闺房之事，想已知之。且琛居门下，亦有年矣，而琼岂无思念之心？妾视动静之间，俱有不足之意；不如早命纳琛为婿，庶免彰人之耳目。,,【彧】：依汝言也罢。,yes,0,0,1,0,0,0,早命纳琛为婿,依汝言也罢,B用“依汝言”稳定指回A提出的建议，并表示接受。,,ai_assisted_unreviewed,0,,,,,,,,,,,,ai_assisted_unreviewed,0,,,,,,,,,,,,gold_candidate_v3_carried_from_v2,0,,,,,,,,,,,,0,,frozen_gold_v1,formal_300_v1_gold_candidate_v3,2026-06-21
F300V1-0046,2751328,日常对话,chatterbot-1k,,什么是共产主义,,"一个社会政治运动主张生产资料,并带来一个无阶级社会的阶级解决冲突的共同所有权。",yes,0,1,1,0,0,0,什么是共产主义,一个社会政治运动,B以定义内容填入A的“什么是共产主义”开放槽位，属于定义型填槽共鸣。,,ai_assisted_unreviewed,0,,,,,,,,,,,,ai_assisted_unreviewed,0,,,,,,,,,,,,gold_candidate_v3_carried_from_v2,0,,,,,,,,,,,,0,,frozen_gold_v1,formal_300_v1_gold_candidate_v3,2026-06-21
F300V1-0047,2698763,文本对话,水浒传,董超,却怕使不的。开封府公文只叫解活的去，却不曾教结果了他。亦且本人年纪又不高大，如何作的这缘故？倘有些兜答，恐不方便。,薛霸,董超，你听我说。高太尉便叫你我死，也只得依他，莫说使这官人又送金子与俺。你不要多说，和你分了罢，落得做人情，日后也有照顾俺处。前头有的是大松林猛恶去处，不拣怎的与他结果了罢。,yes,1,0,1,0,1,0,结果了他 ||| 如何作的,结果了罢,B复现“结果”相关行动，并反向推动A所担忧的行为，形成对比性回应。,,ai_assisted_unreviewed,0,,,,,,,,,,,,ai_assisted_unreviewed,0,,,,,,,,,,,,gold_candidate_v3_carried_from_v2,0,,,,,,,,,,,,0,,frozen_gold_v1,formal_300_v1_gold_candidate_v3,2026-06-21
F300V1-0048,2937964,网络回帖,tieba-305w,上帖,因为曼联的原因，我也看桑德兰的比赛，抛开成绩，桑德兰打的还是不错的，运气不好，加上23号和28号两个煞笔坑货，希望前曼联主帅走出低谷,回帖,是，比在曼联时踢的有信心,yes,1,0,1,0,0,0,曼联,曼联,B复现“曼联”这一比较参照，并继续评价相关比赛表现。,,ai_assisted_unreviewed,0,,,,,,,,,,,,ai_assisted_unreviewed,0,,,,,,,,,,,,gold_candidate_v3_carried_from_v2,0,,,,,,,,,,,,0,,frozen_gold_v1,formal_300_v1_gold_candidate_v3,2026-06-21
F300V1-0049,2677616,文本对话,雷雨,鲁四凤,爸爸，您留几句回家说吧，这是人家周公馆！,鲁贵,咦，周公馆也挡不住我跟我女儿谈家务啊！我跟你说，你的妈……,yes,1,0,1,0,1,0,周公馆 ||| 回家说,周公馆 ||| 家务,B复现“周公馆”，并反驳A把谈话推迟到回家的限制。,,ai_assisted_unreviewed,0,,,,,,,,,,,,ai_assisted_unreviewed,0,,,,,,,,,,,,gold_candidate_v3_carried_from_v2,0,,,,,,,,,,,,0,,frozen_gold_v1,formal_300_v1_gold_candidate_v3,2026-06-21
F300V1-0050,2708953,文本对话,西游记,老怪,那差来的叫做甚么名字？,行者,他叫做巴山虎，我叫做倚海龙。,yes,1,1,1,0,0,0,叫做甚么名字,叫做巴山虎 ||| 叫做倚海龙,B复用“叫做”命名框架，并以两个名字填入A的问题槽位。,,ai_assisted_unreviewed,0,,,,,,,,,,,,ai_assisted_unreviewed,0,,,,,,,,,,,,gold_candidate_v3_carried_from_v2,0,,,,,,,,,,,,0,,frozen_gold_v1,formal_300_v1_gold_candidate_v3,2026-06-21
F300V1-0051,2733784,文本对话,孟子,陈臻,前日于齐，王馈兼金一百而不受；于宋，馈七十镒而受；于薛，馈五十镒而受。前日之不受是，则今日之受非也；今日之受是，则前日之不受非也。夫子必居一于此矣,孟子,皆是也。当在宋也，予将有远行。行者必以赆，辞曰：‘馈赆。’予何为不受？当在薛也，予有戒心。辞曰：‘闻戒。’故为兵馈之，予何为不受？若于齐，则未有处也。无处而馈之，是货之也。焉有君子而可以货取乎？,yes,1,0,1,1,1,0,不受 ||| 受,皆是也 ||| 何为不受,B复现“受/不受”问题，并对A提出的矛盾判断作解释和修正。,,ai_assisted_unreviewed,0,,,,,,,,,,,,ai_assisted_unreviewed,0,,,,,,,,,,,,gold_candidate_v3_carried_from_v2,0,,,,,,,,,,,,0,,frozen_gold_v1,formal_300_v1_gold_candidate_v3,2026-06-21
F300V1-0052,2735205,文本对话,朴通事,乙,错”字怎麽写？,甲,金”傍做“昔”字便是。,yes,0,1,1,0,0,0,怎麽写,金”傍做“昔”字,B以字形构成填入A的“怎么写”槽位，属于书写说明型填槽。,,ai_assisted_unreviewed,0,,,,,,,,,,,,ai_assisted_unreviewed,0,,,,,,,,,,,,gold_candidate_v3_carried_from_v2,0,,,,,,,,,,,,0,,frozen_gold_v1,formal_300_v1_gold_candidate_v3,2026-06-21
F300V1-0053,2735845,文本对话,世说新语,桓宣武,刘东曹何以不下意？,刘简,会不能用。,yes,0,0,1,0,0,0,何以不下意,会不能用,B以原因性短答回应A的“何以”提问，属于弱选择性承接。,,ai_assisted_unreviewed,0,,,,,,,,,,,,ai_assisted_unreviewed,0,,,,,,,,,,,,gold_candidate_v3_carried_from_v2,0,,,,,,,,,,,,0,,frozen_gold_v1,formal_300_v1_gold_candidate_v3,2026-06-21
F300V1-0054,2734117,文本对话,论语,哀公,弟子孰为好学？,孔子,有颜回者好学，不迁怒，不贰过，不幸短命死矣！今也则亡，未闻好学者也,yes,1,1,1,0,0,0,孰为好学,颜回者好学,B复现“好学”，并以“颜回”填入A的“孰为”人物槽位。,,ai_assisted_unreviewed,0,,,,,,,,,,,,ai_assisted_unreviewed,0,,,,,,,,,,,,gold_candidate_v3_carried_from_v2,0,,,,,,,,,,,,0,,frozen_gold_v1,formal_300_v1_gold_candidate_v3,2026-06-21
F300V1-0055,2717672,文本对话,平凡的世界,田主任,噢……孙玉厚的二小子！都长这么大了。和你爸一样，大个子！……是不是和晓霞一个班？,润叶,和晓霞不一个班，和润生是一个班。,yes,1,1,1,1,1,0,和晓霞一个班,和晓霞不一个班 ||| 和润生是一个班,B复用“和X一个班”框架，并修正A关于班级关系的判断。,,ai_assisted_unreviewed,0,,,,,,,,,,,,ai_assisted_unreviewed,0,,,,,,,,,,,,gold_candidate_v3_carried_from_v2,0,,,,,,,,,,,,0,,frozen_gold_v1,formal_300_v1_gold_candidate_v3,2026-06-21
F300V1-0056,2679929,文本对话,红楼梦,尤氏,好妹妹，媳妇听你的话，你去开导开导他，我也放心。你就快些过园子里来。,王夫人,你看看就过去罢，那是侄儿媳妇。,yes,1,0,1,0,0,0,过园子里来,过去罢,B复现“过”这一行动方向，选择性承接A提出的过去看望/开导行动。,,ai_assisted_unreviewed,0,,,,,,,,,,,,ai_assisted_unreviewed,0,,,,,,,,,,,,gold_candidate_v3_carried_from_v2,0,,,,,,,,,,,,0,,frozen_gold_v1,formal_300_v1_gold_candidate_v3,2026-06-21
F300V1-0057,2721869,日常对话,青云语料,问,哎、忘不了怎么办,答,如果你忘不掉过去，那就干脆不要忘记了，埋在心底，作为你人生故事的一部分,yes,1,0,1,0,1,0,忘不了,忘不掉 ||| 不要忘记,B复现“忘”，并把A的“忘不了”问题转化为“不必忘记”的反向建议。,,ai_assisted_unreviewed,0,,,,,,,,,,,,ai_assisted_unreviewed,0,,,,,,,,,,,,gold_candidate_v3_carried_from_v2,0,,,,,,,,,,,,0,,frozen_gold_v1,formal_300_v1_gold_candidate_v3,2026-06-21
F300V1-0058,2764194,影视对白,subtitle-useless,,我撒了谎一切都是谎言,,那好Barnes先生你撒了谎,yes,1,0,1,0,0,0,撒了谎,撒了谎,B直接复现A中的“撒了谎”，并以此确认前句信息。,,ai_assisted_unreviewed,0,,,,,,,,,,,,ai_assisted_unreviewed,0,,,,,,,,,,,,gold_candidate_v3_carried_from_v2,0,,,,,,,,,,,,0,,frozen_gold_v1,formal_300_v1_gold_candidate_v3,2026-06-21
F300V1-0059,2723756,文本对话,唐传奇,其人,我合食尔，尔何反有是言？,道士,君有罪于上帝，被谪在此为虎，令食一千人。吾今已食九百九十九人，唯欠汝一人，其数当足。吾今不幸，为汝窃皮，若不归，吾必须别更为虎，又食一千人矣。今有一计，吾与汝俱获两全，可乎？,yes,1,0,1,1,0,0,食尔,食九百九十九人 ||| 唯欠汝一人,B复现“食”的核心行动，并解释A质问中的吃人关系，形成修正性说明。,,ai_assisted_unreviewed,0,,,,,,,,,,,,ai_assisted_unreviewed,0,,,,,,,,,,,,gold_candidate_v3_carried_from_v2,0,,,,,,,,,,,,0,,frozen_gold_v1,formal_300_v1_gold_candidate_v3,2026-06-21
F300V1-0060,2723072,文本对话,骆驼祥子,祥子,那敢情好！,曹先生,不过，这我可不能完全作主，得跟太太商议商议！,yes,0,0,1,0,1,0,敢情好,不过,B承接A的正面评价后用“不过”提出限制条件，形成选择性承接和对比。,,ai_assisted_unreviewed,0,,,,,,,,,,,,ai_assisted_unreviewed,0,,,,,,,,,,,,gold_candidate_v3_carried_from_v2,0,,,,,,,,,,,,0,,frozen_gold_v1,formal_300_v1_gold_candidate_v3,2026-06-21
F300V1-0061,2694031,访谈语料,china_interview,主持人,近些年来香港本土的激进主义又有抬头了，包括从非法“占中”到旺角暴乱等等，甚至出现了“港独”。您如何看待这种矛盾？,黄平,这是政治问题。我们是在“一国”下实行“两制”，而且“两制”下，日常还是“港人治港”，这个还是要坚持。但是既然是这么一个现实情况下，不同的党派，有反特首、反特区政府，包括对中央、国家的某项政策有意见，那是正常的。但是涉及到国本……,yes,0,0,1,0,0,0,港独 ||| 矛盾,政治问题 ||| 一国,B选择性承接A提出的香港激进主义和矛盾问题，并将其归入政治问题框架。,,ai_assisted_unreviewed,0,,,,,,,,,,,,ai_assisted_unreviewed,0,,,,,,,,,,,,gold_candidate_v3_carried_from_v2,0,,,,,,,,,,,,0,,frozen_gold_v1,formal_300_v1_gold_candidate_v3,2026-06-21
F300V1-0062,2972719,日常对话,douban-multiturn-100w,甲,我不用电话啊我不说豆油联系吗我长得高大肥硕你应该凭直觉就认得我啊还是缘分浅啊以后有缘再见,乙,啊那好吧,no,0,0,0,0,0,0,,,B只是接受A的说法并结束话题，没有可定位的复现、填槽或结构映射。,,top30_reviewed,1,high,B只是接受A的说法并结束话题，没有可定位的复现、填槽或结构映射，保持no。,no,0,0,0,0,0,0,,,top30_reviewed,0,,,,,,,,,,,,gold_candidate_v3_carried_from_v2,0,,,,,,,,,,,,0,,frozen_gold_v1,formal_300_v1_gold_candidate_v3,2026-06-21
F300V1-0063,2734463,文本对话,老乞大,甲,那个是刘清甫酒馆，是我街坊，怎麽不认的？,乙,虽然这般时，房子委实窄，宿不得。,yes,0,0,1,0,1,0,怎麽不认的,虽然这般时,B以“虽然这般”指回A的理由，同时转入房子太窄的限制，形成让步式对比。,,ai_assisted_unreviewed,0,,,,,,,,,,,,ai_assisted_unreviewed,0,,,,,,,,,,,,gold_candidate_v3_carried_from_v2,0,,,,,,,,,,,,0,,frozen_gold_v1,formal_300_v1_gold_candidate_v3,2026-06-21
F300V1-0064,3092790,日常对话,qingyun-11w,问,是不是本命年的命运都不好,答,是的,no,0,0,0,0,0,0,,,B只是对是非问句作简单确认，没有形成可定位的核心机制。,,top30_reviewed,1,high,B只是对是非问句作简单确认，没有形成可定位核心机制，保持no。,no,0,0,0,0,0,0,,,top30_reviewed,0,,,,,,,,,,,,gold_candidate_v3_carried_from_v2,0,,,,,,,,,,,,0,,frozen_gold_v1,formal_300_v1_gold_candidate_v3,2026-06-21
F300V1-0065,2946618,日常对话,chatterbot,,谁是你妈妈,,其实我没有妈妈。,yes,1,0,1,0,1,0,你妈妈,没有妈妈,B复现“妈妈”，并否定A问题中预设的对象存在。,,ai_assisted_unreviewed,0,,,,,,,,,,,,ai_assisted_unreviewed,0,,,,,,,,,,,,gold_candidate_v3_carried_from_v2,0,,,,,,,,,,,,0,,frozen_gold_v1,formal_300_v1_gold_candidate_v3,2026-06-21
F300V1-0066,2772066,网络回帖,贴吧回帖,上文,打错字了，妈是吗,回帖,那现在大陆怎么还让香港人这样选啊，明知道指定选两三个不民主,no,0,0,0,0,0,0,,,A与B话题错位，B没有稳定承接A关于错字的内容。,,top30_reviewed,1,high,A与B话题错位，B没有稳定承接A关于错字的内容，保持no。,no,0,0,0,0,0,0,,,top30_reviewed,0,,,,,,,,,,,,gold_candidate_v3_carried_from_v2,0,,,,,,,,,,,,0,,frozen_gold_v1,formal_300_v1_gold_candidate_v3,2026-06-21
F300V1-0067,2697201,访谈语料,mfa_press,法新社记者,美国财政部上周五对一家总部位于北京的网络安全公司实施制裁。他们指责该公司帮助中国黑客渗透美国通信系统并进行监视。请问中方有何回应？,郭嘉昆,关于所谓网络攻击问题，中方已多次阐明立场。中方一贯坚决反对并依法打击黑客攻击行为，敦促美方停止利用网络安全问题污蔑抹黑中国。一段时间以来，美方大肆炒作所谓“中国黑客攻击”，甚至发起对华非法单边制裁。中方对此坚决反对，将采取必要措施维护中方的合法权益。,yes,1,0,1,1,1,0,网络安全公司 ||| 中国黑客,网络攻击问题 ||| 中国黑客攻击,B复现网络攻击和中国黑客相关议题，并对A中的指责作立场性反驳。,,ai_assisted_unreviewed,0,,,,,,,,,,,,ai_assisted_unreviewed,0,,,,,,,,,,,,gold_candidate_v3_carried_from_v2,0,,,,,,,,,,,,0,,frozen_gold_v1,formal_300_v1_gold_candidate_v3,2026-06-21
F300V1-0068,2727131,文本对话,朱子语类,问者,横渠说，以为『予所否厄者，是天厌弃之』。此说如何？,朱子,大抵后来人讲经，只为要道圣人必不如此，须要委曲迁就，做一个出路，却不必如此。横渠论看诗，教人平心易气求之。到他说诗，又却不然,yes,1,0,1,1,1,0,横渠说 ||| 此说如何,横渠论看诗 ||| 又却不然,B复现“横渠”并评价其说法，对A提出的观点进行解释和修正。,,ai_assisted_unreviewed,0,,,,,,,,,,,,ai_assisted_unreviewed,0,,,,,,,,,,,,gold_candidate_v3_carried_from_v2,0,,,,,,,,,,,,0,,frozen_gold_v1,formal_300_v1_gold_candidate_v3,2026-06-21
F300V1-0069,2651496,多模态语料,local-audio-demo,,特别好吃,,我觉得是最好吃的苹果片,yes,1,1,1,0,0,0,特别好吃,最好吃的苹果片,B复现“好吃”评价，并把A的一般评价升级为最高程度评价。,,ai_assisted_unreviewed,0,,,,,,,,,,,,ai_assisted_unreviewed,0,,,,,,,,,,,,gold_candidate_v3_carried_from_v2,0,,,,,,,,,,,,0,,frozen_gold_v1,formal_300_v1_gold_candidate_v3,2026-06-21
F300V1-0070,2694182,访谈语料,china_live,红星新闻记者,我的问题是，新一轮大规模更新设备和消费品以旧换新开展以来，交通运输行业开展了哪些工作？取得了怎样的进展？谢谢。,李扬,请规划司的金敬东先生介绍一下情况。,no,0,0,0,0,0,0,,,B只是将问题转交给他人介绍情况，不复用A的问题结构资源。,,top30_reviewed,1,high,B只是将问题转交给他人介绍情况，不复用A的问题结构资源，保持no。,no,0,0,0,0,0,0,,,top30_reviewed,0,,,,,,,,,,,,gold_candidate_v3_carried_from_v2,0,,,,,,,,,,,,0,,frozen_gold_v1,formal_300_v1_gold_candidate_v3,2026-06-21
F300V1-0071,2724417,文本对话,清平山堂话本,长老,官人何来？,陈巡检,万望长老慈悲，指点陈辛寻得孺人回乡，不忘重恩。,no,0,0,0,0,0,0,,,B未回答A的“何来”问题，而是转入求助请求，缺少稳定映射。,,top30_reviewed,1,high,B未回答A的“何来”问题，而是转入求助请求，缺少稳定映射，保持no。,no,0,0,0,0,0,0,,,top30_reviewed,0,,,,,,,,,,,,gold_candidate_v3_carried_from_v2,0,,,,,,,,,,,,0,,frozen_gold_v1,formal_300_v1_gold_candidate_v3,2026-06-21
F300V1-0072,2751095,日常对话,chatterbot-1k,,你感觉情绪,,你感觉,uncertain,?,?,?,?,?,0,你感觉,你感觉,B机械复现“你感觉”，但话轮语义不完整，难以判断是否构成有效共鸣。,机械重复且语义残缺，暂不强行判定。,top30_reviewed,1,low,机械复现“你感觉”，但话轮语义不完整，无法稳定判断是否构成有效共鸣，保留uncertain。,uncertain,?,?,?,?,?,0,你感觉,你感觉,top30_reviewed,0,,,,,,,,,,,,gold_candidate_v3_carried_from_v2,0,,,,,,,,,,,,0,,frozen_gold_v1,formal_300_v1_gold_candidate_v3,2026-06-21
F300V1-0073,2701652,文本对话,水浒传,宋江,那个兄弟替我下手？,李逵,我与哥哥动手割这厮！我看他肥胖了，倒好烧吃。,yes,1,0,1,0,0,0,替我下手,我与哥哥动手,B复现“下手/动手”行动框架，并主动填入执行者。,,ai_assisted_unreviewed,0,,,,,,,,,,,,ai_assisted_unreviewed,0,,,,,,,,,,,,gold_candidate_v3_carried_from_v2,0,,,,,,,,,,,,0,,frozen_gold_v1,formal_300_v1_gold_candidate_v3,2026-06-21
F300V1-0074,2725291,网络回帖,tieba-305w,上帖,正解鲁尼根本不爱曼联，自己都说永远是蓝色的心，可笑一些人蜜总拿情怀说事，听了就跟吃了苍蝇一样恶心强行把一个两次闹离队的埃弗顿球迷捧成曼联传奇，我真是呵呵，我现在最好奇的是鲁尼退役后会出现在哪一个球场的看台,回帖,让这种人当队长也是欺负我魔没人了,yes,0,0,1,0,0,0,鲁尼 ||| 曼联,这种人 ||| 我魔,B用“这种人”稳定指回A评价的对象，并继续围绕曼联身份展开负面评价。,,ai_assisted_unreviewed,0,,,,,,,,,,,,ai_assisted_unreviewed,0,,,,,,,,,,,,gold_candidate_v3_carried_from_v2,0,,,,,,,,,,,,0,,frozen_gold_v1,formal_300_v1_gold_candidate_v3,2026-06-21
F300V1-0075,2678181,文本对话,雷雨,鲁侍萍,上次我走的时候，我不知道我的事情怎么样。外面人地生疏，在这儿四凤有邻居张大婶照应她，我自然不带她走。现在我那边的事已经定了。四凤在这儿又没有事，我为什么不带她走？,鲁四凤,您，您真要带我走？,yes,1,0,1,0,0,0,带她走,带我走,B复现“带……走”框架，并将A谈论的第三人称转换为第一人称追问。,,ai_assisted_unreviewed,0,,,,,,,,,,,,ai_assisted_unreviewed,0,,,,,,,,,,,,gold_candidate_v3_carried_from_v2,0,,,,,,,,,,,,0,,frozen_gold_v1,formal_300_v1_gold_candidate_v3,2026-06-21
F300V1-0076,2710669,文本对话,西游记,行者,“我先去！我先去！”,唐僧,“徒弟呀，仔细些，那里不是耍处。”,yes,0,0,1,0,0,0,我先去,仔细些,B承接A“先去”的行动意向，并给出针对该行动的提醒。,,ai_assisted_unreviewed,0,,,,,,,,,,,,ai_assisted_unreviewed,0,,,,,,,,,,,,gold_candidate_v3_carried_from_v2,0,,,,,,,,,,,,0,,frozen_gold_v1,formal_300_v1_gold_candidate_v3,2026-06-21
F300V1-0077,2733924,文本对话,孟子,万章,请无以辞却之，以心却之，曰‘其取诸民之不义也’，而以他辞无受，不可乎？,孟子,其交也以道，其接也以礼，斯孔子受之矣,yes,1,0,1,0,1,0,无受,受之矣,B复现“受/无受”的接受问题，并提出相反的条件性判断。,,ai_assisted_unreviewed,0,,,,,,,,,,,,ai_assisted_unreviewed,0,,,,,,,,,,,,gold_candidate_v3_carried_from_v2,0,,,,,,,,,,,,0,,frozen_gold_v1,formal_300_v1_gold_candidate_v3,2026-06-21
F300V1-0078,2735357,文本对话,朴通事,甲,你不卖将家去就饭吃？,乙,黄豆来大的，血点也似，好颜色圆净的，价钱大，你要那？,no,0,0,0,0,0,0,,,B转入描述商品颜色和价钱，未稳定回应A关于是否卖掉就饭的问题。,,top30_reviewed,1,high,B转入描述商品颜色和价格，未稳定回应A关于是否卖掉就饭的问题，保持no。,no,0,0,0,0,0,0,,,top30_reviewed,0,,,,,,,,,,,,gold_candidate_v3_carried_from_v2,0,,,,,,,,,,,,0,,frozen_gold_v1,formal_300_v1_gold_candidate_v3,2026-06-21
F300V1-0079,2736338,文本对话,世说新语,桓公,遂使神州陆沈，百年丘墟，王夷甫诸人，不得不任其责！,袁虎,运自有废兴，岂必诸人之过？,yes,1,0,1,0,1,0,诸人 ||| 不得不任其责,诸人之过,B复现“诸人”，并反问责任是否必然归于他们，形成反向评价。,,ai_assisted_unreviewed,0,,,,,,,,,,,,ai_assisted_unreviewed,0,,,,,,,,,,,,gold_candidate_v3_carried_from_v2,0,,,,,,,,,,,,0,,frozen_gold_v1,formal_300_v1_gold_candidate_v3,2026-06-21
F300V1-0080,2734254,文本对话,论语,子路,子见夫子乎？,丈人,四体不勤，五谷不分，孰为夫子？,yes,1,0,1,0,1,0,夫子,夫子,B复现“夫子”，并用反问挑战A关于见夫子的设问。,,ai_assisted_unreviewed,0,,,,,,,,,,,,ai_assisted_unreviewed,0,,,,,,,,,,,,gold_candidate_v3_carried_from_v2,0,,,,,,,,,,,,0,,frozen_gold_v1,formal_300_v1_gold_candidate_v3,2026-06-21
F300V1-0081,2719051,文本对话,平凡的世界,润生,少安给我姐送了一块毛毯，托少平捎来了，少平说要交给你。,田福堂,那让他进来一块吃饭嘛！,yes,0,0,1,0,0,0,少平,他,B用“他”稳定指回A中“少平”，并围绕其是否进来吃饭提出后续行动。,,ai_assisted_unreviewed,0,,,,,,,,,,,,ai_assisted_unreviewed,0,,,,,,,,,,,,gold_candidate_v3_carried_from_v2,0,,,,,,,,,,,,0,,frozen_gold_v1,formal_300_v1_gold_candidate_v3,2026-06-21
F300V1-0082,2681662,文本对话,红楼梦,宝玉,既这么着，你也不许洗去，只洗洗手来拿果子来吃罢。,晴雯,我慌张的很，连扇子还跌折了，那里还配打发吃果子。倘或再打破了盘子，还更了不得呢。,yes,1,0,1,0,1,0,拿果子来吃,那里还配打发吃果子,B复现“果子”，但以“不配打发”拒绝A的安排，形成选择性承接和对比。,,ai_assisted_unreviewed,0,,,,,,,,,,,,ai_assisted_unreviewed,0,,,,,,,,,,,,gold_candidate_v3_carried_from_v2,0,,,,,,,,,,,,0,,frozen_gold_v1,formal_300_v1_gold_candidate_v3,2026-06-21
F300V1-0083,2723392,日常对话,青云语料,问,"想出去旅行,可是没钱,给点路费",答,没钱就去赚,yes,1,0,1,0,0,0,没钱,没钱就去赚,B复现“没钱”，并把A的困难转化为解决建议。,,ai_assisted_unreviewed,0,,,,,,,,,,,,ai_assisted_unreviewed,0,,,,,,,,,,,,gold_candidate_v3_carried_from_v2,0,,,,,,,,,,,,0,,frozen_gold_v1,formal_300_v1_gold_candidate_v3,2026-06-21
F300V1-0084,2760936,影视对白,subtitle-useless,,我这么说吧,,我不想说我这是在警告你,yes,1,0,1,0,1,0,说,不想说,B复现“说”，并以“不想说”修正/抵消A的“这么说”发话姿态。,,ai_assisted_unreviewed,0,,,,,,,,,,,,ai_assisted_unreviewed,0,,,,,,,,,,,,gold_candidate_v3_carried_from_v2,0,,,,,,,,,,,,0,,frozen_gold_v1,formal_300_v1_gold_candidate_v3,2026-06-21
F300V1-0085,2723968,文本对话,唐传奇,送书人,某为明府送书，纵书人之意忤明府，使音何罪？,张藏用,适怒匠人，不意误笞君耳。,yes,0,0,1,1,0,0,何罪,误笞君,B针对A追问的“何罪”作解释，说明是误笞而非真正有罪，属于选择性承接和修正。,,ai_assisted_unreviewed,0,,,,,,,,,,,,ai_assisted_unreviewed,0,,,,,,,,,,,,gold_candidate_v3_carried_from_v2,0,,,,,,,,,,,,0,,frozen_gold_v1,formal_300_v1_gold_candidate_v3,2026-06-21
F300V1-0086,2722636,文本对话,骆驼祥子,老者,呕，你是拿命换出来的这些牲口！,老者,这幺着吧，伙计，我给三十五块钱吧；我要说这不是个便宜，我是小狗子；我要是能再多拿一块，也是个小狗子！我六十多了；哼，还教我说什幺好呢！,no,0,0,0,0,0,0,,,B转入出价购买，未稳定复现或改造A中“拿命换牲口”的结构资源。,,top30_reviewed,1,medium,B转入出价购买，虽然同处交易情境，但未稳定复现或改造A中“拿命换牲口”的结构资源，保持no。,no,0,0,0,0,0,0,,,top30_reviewed,0,,,,,,,,,,,,gold_candidate_v3_carried_from_v2,0,,,,,,,,,,,,0,,frozen_gold_v1,formal_300_v1_gold_candidate_v3,2026-06-21
F300V1-0087,2693913,访谈语料,china_interview,主持人,我们知道杭州借助信息化改善医疗服务也是入选了国务院医改领导小组印发的《深化医药卫生体制改革典型案例》，您认为杭州这些做法有哪一些地方是值得在全国进行推广和借鉴的呢？,滕建荣,落实政府的责任还是首要的。所以，因为政府改革的主要目的就是让人民群众享受到改革带来的便利或者是实惠。所以，从讲政治的角度来说，应该去很好地践行。这是第一个。 第二，从社会效益来讲。因为我们卫生系统本身就是救死扶伤的，我们杭州也提出了一个工作的理念，叫医学有局限，勇于攀登；服务无止境，追求卓越。我们卫生系统本身就是救死扶伤，就必须贴近为人民群众解决实际问题。另外，在当前进一步构建新型的和谐医患关系的过程中间，我们卫生人不能等体制机制都变了，我们才有所作为，我们应该敢于担当，主动作为。,yes,0,0,1,0,0,0,值得在全国进行推广和借鉴,落实政府的责任还是首要的,B以具体做法填入A提出的“哪些值得推广借鉴”开放槽位，属于问答填槽型弱共鸣。,,ai_assisted_unreviewed,0,,,,,,,,,,,,ai_assisted_unreviewed,0,,,,,,,,,,,,gold_candidate_v3_carried_from_v2,0,,,,,,,,,,,,0,,frozen_gold_v1,formal_300_v1_gold_candidate_v3,2026-06-21
F300V1-0088,2772635,日常对话,douban-multiturn-100w,甲,亲我想刺激你一下呢佰草集其实只是个杂牌子上货地点也比较杂就算专柜好像也一样,乙,杂牌子能上专柜也很好了,yes,1,0,1,0,1,0,杂牌子 ||| 专柜,杂牌子能上专柜,B复现“杂牌子/专柜”，并在承认前提的基础上反向评价“也很好”。,,ai_assisted_unreviewed,0,,,,,,,,,,,,ai_assisted_unreviewed,0,,,,,,,,,,,,gold_candidate_v3_carried_from_v2,0,,,,,,,,,,,,0,,frozen_gold_v1,formal_300_v1_gold_candidate_v3,2026-06-21
F300V1-0089,2734265,文本对话,老乞大,甲,大哥，你从那里来？,乙,我从高丽王京来。,yes,1,1,1,0,0,0,从那里来,从高丽王京来,B保留“从……来”的问答构式，并用“高丽王京”填入地点槽位。,,ai_assisted_unreviewed,0,,,,,,,,,,,,ai_assisted_unreviewed,0,,,,,,,,,,,,gold_candidate_v3_carried_from_v2,0,,,,,,,,,,,,0,,frozen_gold_v1,formal_300_v1_gold_candidate_v3,2026-06-21
F300V1-0090,2811086,日常对话,qingyun-11w,问,谁把你教这么坏的,答,问世间情为何物，只教人生死相随,no,0,0,0,0,0,0,,,B以套话式诗句回应，未稳定回答A的“谁教坏你”问题，也无可定位结构映射。,,top30_reviewed,1,high,B以套话式诗句回应，未稳定回答A的“谁教坏你”问题，也无可定位结构映射，保持no。,no,0,0,0,0,0,0,,,top30_reviewed,0,,,,,,,,,,,,gold_candidate_v3_carried_from_v2,0,,,,,,,,,,,,0,,frozen_gold_v1,formal_300_v1_gold_candidate_v3,2026-06-21
F300V1-0091,2720099,文本对话,平凡的世界,孙少安,不能分……不能分……,孙玉厚,你这娃娃！咱们现在应该高兴，哭什么哩！不要哭了！分家的事，我和你妈商量过了，一定要分开！咱高高兴兴往开分！分开咱还是一家人嘛！,yes,1,0,1,0,1,0,不能分,一定要分开,B复现“分/分开”，并明确反转A的“不能分”判断。,,top30_reviewed,1,high,B复现“分/分开”，并明确反转A的“不能分”判断，保持yes，标reproduction、selective_reuse和contrast。,yes,1,0,1,0,1,0,不能分,一定要分开 ||| 分开,top30_reviewed,0,,,,,,,,,,,,gold_candidate_v3_carried_from_v2,0,,,,,,,,,,,,0,,frozen_gold_v1,formal_300_v1_gold_candidate_v3,2026-06-21
F300V1-0092,2723587,文本对话,唐传奇,韦皋,深忆之。,姜荆宝,即某是也。,yes,0,0,1,0,0,0,深忆之,某,B用“某”填入A所忆之人的指称位置，属于弱选择性承接。,,top30_reviewed,1,medium,B用“某”填入A所忆之人的指称位置，属于弱选择性承接，保持yes但置信度中等。,yes,0,0,1,0,0,0,之,某,top30_reviewed,0,,,,,,,,,,,,gold_candidate_v3_carried_from_v2,0,,,,,,,,,,,,0,,frozen_gold_v1,formal_300_v1_gold_candidate_v3,2026-06-21
F300V1-0093,2751831,日常对话,青云语料,问,坏哇,答,你说的什么哦？换种说法行不,no,0,0,0,0,0,0,,,B只是要求A换种说法，未复用A中“坏哇”的表达或结构资源。,,ai_assisted_unreviewed,0,,,,,,,,,,,,ai_assisted_unreviewed,0,,,,,,,,,,,,gold_candidate_v3_carried_from_v2,0,,,,,,,,,,,,0,,frozen_gold_v1,formal_300_v1_gold_candidate_v3,2026-06-21
F300V1-0094,2651443,多模态语料,local-audio-demo,,但是因为吃的比较多吧,,而且它有皮毛,no,0,0,0,0,0,0,,,A谈吃得多，B转到皮毛属性，缺少稳定的相邻回应映射。,,ai_assisted_unreviewed,0,,,,,,,,,,,,ai_assisted_unreviewed,0,,,,,,,,,,,,gold_candidate_v3_after_final_sanity,1,high,A谈吃得多，B转到皮毛属性，缺少稳定的相邻回应映射，维持no。,no,0,0,0,0,0,0,,,0,,frozen_gold_v1,formal_300_v1_gold_candidate_v3,2026-06-21
F300V1-0095,2692964,文本对话,红楼梦,乙,婶娘那时怎样疼我了，如今就忘在九霄云外了。,丙,嗳呀，你是死了的人哪，怎么跑到这里来了呢！,no,0,0,0,0,0,0,,,B对人物出现表示惊讶，但没有复现或改造A中“疼我/忘了”的表达资源。,,ai_assisted_unreviewed,0,,,,,,,,,,,,ai_assisted_unreviewed,0,,,,,,,,,,,,gold_candidate_v3_carried_from_v2,0,,,,,,,,,,,,0,,frozen_gold_v1,formal_300_v1_gold_candidate_v3,2026-06-21
F300V1-0096,2734147,文本对话,论语,孔子,师也过，商也不及,子贡,然则师愈与？,yes,1,0,1,0,0,0,师,师,B复现“师”，并围绕A对“师/商”的评价继续追问。,,ai_assisted_unreviewed,0,,,,,,,,,,,,ai_assisted_unreviewed,0,,,,,,,,,,,,gold_candidate_v3_carried_from_v2,0,,,,,,,,,,,,0,,frozen_gold_v1,formal_300_v1_gold_candidate_v3,2026-06-21
F300V1-0097,2668887,日常对话,qingyun-11w,问,哈哈哈~丝车~,答,有什么好笑的,yes,0,0,1,0,0,0,哈哈哈,好笑,B把A的笑声作为追问对象，属于对前一话轮行为的选择性承接。,,ai_assisted_unreviewed,0,,,,,,,,,,,,round2_reviewed,1,medium,B把A的笑声作为追问对象，属于对前一话轮行为的选择性承接，保留yes。,yes,0,0,1,0,0,0,哈哈哈,好笑,gold_candidate_v3_carried_from_v2,0,,,,,,,,,,,,0,,frozen_gold_v1,formal_300_v1_gold_candidate_v3,2026-06-21
F300V1-0098,2722905,文本对话,骆驼祥子,祥子,该走了！,老程,你说说，我到底还没明白是怎回子事！,yes,0,0,1,0,1,0,该走了,还没明白,B回应A的离开指令，并以“还没明白”为理由阻滞该行动，形成弱对比。,,ai_assisted_unreviewed,0,,,,,,,,,,,,ai_assisted_unreviewed,0,,,,,,,,,,,,gold_candidate_v3_carried_from_v2,0,,,,,,,,,,,,0,,frozen_gold_v1,formal_300_v1_gold_candidate_v3,2026-06-21
F300V1-0099,2693890,访谈语料,china_interview,中国网,感谢孙主任为我们天然林的保护带来如此详尽的解读。也感谢各位网友收看！下期再会！ 2017-05-10 17:11:59,孙国吉,谢谢大家！ （责编/文字：韩琳；,yes,1,0,1,0,0,0,感谢,谢谢大家,B承接A的结束致谢语境，用“谢谢大家”完成相邻致谢回应。,,ai_assisted_unreviewed,0,,,,,,,,,,,,round2_reviewed,1,medium,B用“谢谢大家”回应A的结束致谢语境，属于礼貌程式上的语义复现与承接，保留yes但为弱共鸣。,yes,1,0,1,0,0,0,感谢,谢谢大家,gold_candidate_v3_carried_from_v2,0,,,,,,,,,,,,0,,frozen_gold_v1,formal_300_v1_gold_candidate_v3,2026-06-21
F300V1-0100,2729770,文本对话,朱子语类,问者,昨日先生说：『程子谓：「其体则谓之易,朱子,心只是个动静感应而已。所谓『寂然不动，感而遂通』者是也。看那几个字，便见得,uncertain,0,0,?,0,0,0,昨日先生说,心只是个动静感应而已,B似乎承接A引用的学理话题继续解释，但A话轮文本截断严重，无法稳定判断核心机制。,A话轮明显截断，难以确认A/B之间的完整结构关系。,top30_reviewed,1,low,A话轮明显截断，B似乎承接学理话题继续解释，但无法稳定复原完整结构关系，保留uncertain。,uncertain,?,?,?,?,?,0,昨日先生说,心只是个动静感应而已,top30_reviewed,0,,,,,,,,,,,,gold_candidate_v3_carried_from_v2,0,,,,,,,,,,,,0,,frozen_gold_v1,formal_300_v1_gold_candidate_v3,2026-06-21
F300V1-0101,2754133,网络回帖,tieba-305w,上帖,这种判点球的在英超已经越来越多了 不过看裁判不同吧,回帖,恩是我想错了 鸟说的那球肯定不会给,no,0,0,0,0,0,0,,,B表达自己想错了，但与A关于判点球和裁判差异的表述缺少可定位的复现或结构映射。,,ai_assisted_unreviewed,0,,,,,,,,,,,,ai_assisted_unreviewed,0,,,,,,,,,,,,gold_candidate_v3_after_final_sanity,1,medium,B虽表达“我想错了”，但与A关于判点球和裁判差异的表述缺少可定位复现或结构映射，维持no。,no,0,0,0,0,0,0,,,0,,frozen_gold_v1,formal_300_v1_gold_candidate_v3,2026-06-21
F300V1-0102,2736378,文本对话,世说新语,诸葛宏,朝廷何以徙我？,王夷甫,言卿狂逆。,yes,0,0,1,0,0,0,何以徙我,言卿狂逆,B以“言卿狂逆”填入A的“何以”原因槽位，属于问答填槽型弱共鸣。,,ai_assisted_unreviewed,0,,,,,,,,,,,,round2_reviewed,1,high,B以“言卿狂逆”填入A的“何以”原因槽位，属于稳定的原因填槽型选择性承接，保留yes。,yes,0,0,1,0,0,0,何以徙我,言卿狂逆,gold_candidate_v3_carried_from_v2,0,,,,,,,,,,,,0,,frozen_gold_v1,formal_300_v1_gold_candidate_v3,2026-06-21
F300V1-0103,2708852,文本对话,西游记,精细鬼,兄弟，拿葫芦来。,伶俐虫,你拿着的。天呀！怎么不见了？,yes,0,0,1,1,1,0,拿葫芦来,你拿着的 ||| 怎么不见了,B承接A要葫芦的指令，指出葫芦本应由A拿着且现在不见，形成修正和对比。,,ai_assisted_unreviewed,0,,,,,,,,,,,,round2_reviewed,1,high,B承接A要葫芦的指令，指出葫芦本应由A持有并已不见，形成修正和对比，保留yes。,yes,0,0,1,1,1,0,拿葫芦来,你拿着的 ||| 怎么不见了,gold_candidate_v3_carried_from_v2,0,,,,,,,,,,,,0,,frozen_gold_v1,formal_300_v1_gold_candidate_v3,2026-06-21
F300V1-0104,2733996,文本对话,孟子,曹交,交得见于邹君，可以假馆，愿留而受业于门,孟子,夫道，若大路然，岂难知哉？人病不求耳。子归而求之，有余师,yes,0,0,1,0,1,0,愿留而受业于门,子归而求之,B回应A留学受业的请求，转而劝其归而求道，形成选择性承接和对比。,,ai_assisted_unreviewed,0,,,,,,,,,,,,ai_assisted_unreviewed,0,,,,,,,,,,,,gold_candidate_v3_carried_from_v2,0,,,,,,,,,,,,0,,frozen_gold_v1,formal_300_v1_gold_candidate_v3,2026-06-21
F300V1-0105,2735155,文本对话,朴通事,甲,好，好，饭汤休着冷了，等一会儿吃。如今便入里头去时，冻面皮都打破了，不中。你把那蜡壶瓶汕的干净着，控一控，且旋将酒来吃一盏。,乙,这酒忤秃怎麽吃？,yes,1,0,1,0,0,0,酒 ||| 吃,这酒 ||| 怎麽吃,B复现“酒/吃”，并将A的饮酒安排转化为追问。,,ai_assisted_unreviewed,0,,,,,,,,,,,,ai_assisted_unreviewed,0,,,,,,,,,,,,gold_candidate_v3_carried_from_v2,0,,,,,,,,,,,,0,,frozen_gold_v1,formal_300_v1_gold_candidate_v3,2026-06-21
F300V1-0106,2737971,影视对白,subtitle-useless,,他回到队上了,,不敢相信他没告诉我,yes,1,0,1,0,0,0,他,他,B复现人物指称“他”，围绕其回队后未告知一事继续回应。,,ai_assisted_unreviewed,0,,,,,,,,,,,,round2_reviewed,1,high,B复现人物指称“他”，围绕其回队后未告知继续回应，指称承接明确，保留yes。,yes,1,0,1,0,0,0,他,他,gold_candidate_v3_carried_from_v2,0,,,,,,,,,,,,0,,frozen_gold_v1,formal_300_v1_gold_candidate_v3,2026-06-21
F300V1-0107,2677701,文本对话,雷雨,鲁大海,我在矿上干了两年，我没有变，我看你变了。,鲁四凤,你的话我有点不懂，你好像，有点像二少爷说话似的。,yes,0,0,1,0,0,0,我看你变了,你的话,B把A的整段话作为评价对象，属于对前一话轮言语内容的选择性承接。,,ai_assisted_unreviewed,0,,,,,,,,,,,,ai_assisted_unreviewed,0,,,,,,,,,,,,gold_candidate_v3_carried_from_v2,0,,,,,,,,,,,,0,,frozen_gold_v1,formal_300_v1_gold_candidate_v3,2026-06-21
F300V1-0108,2695183,访谈语料,mfa_press,林剑,我不掌握你说的具体情况，请向主管部门了解。中伊关系友好，双方在国际法框架内开展正常合作，符合两国人民的共同利益。,《中国日报》记者,据一些西方媒体报道，17日，古巴圣地亚哥发生游行示威，一些民众就食品、能源短缺表达抗议。中方对此有何评论？,no,0,0,0,0,0,0,,,B提出新的外交问题，与A上一轮关于中伊关系的答复无稳定共鸣关系。,,ai_assisted_unreviewed,0,,,,,,,,,,,,ai_assisted_unreviewed,0,,,,,,,,,,,,gold_candidate_v3_carried_from_v2,0,,,,,,,,,,,,0,,frozen_gold_v1,formal_300_v1_gold_candidate_v3,2026-06-21
F300V1-0109,2724626,文本对话,清平山堂话本,,【劭】：巨卿信土也，必然今日至矣。安肯误鸡黍之约！入门便见所许之物，足见我之持久。如候巨卿来而后宰之，不见我惓惓之意。,,【母】：吾儿之友，必是端士。,yes,0,0,1,0,0,0,巨卿,吾儿之友,B用“吾儿之友”指称A中等待的巨卿，并对其人品作评价。,,ai_assisted_unreviewed,0,,,,,,,,,,,,ai_assisted_unreviewed,0,,,,,,,,,,,,gold_candidate_v3_carried_from_v2,0,,,,,,,,,,,,0,,frozen_gold_v1,formal_300_v1_gold_candidate_v3,2026-06-21
F300V1-0110,2993802,日常对话,chatterbot,,你想了解哪方面?,,你如何运作?,yes,0,1,1,0,0,0,哪方面,如何运作,B以“如何运作”填入A询问的“哪方面”开放槽位，属于填槽型回应。,,ai_assisted_unreviewed,0,,,,,,,,,,,,round2_reviewed,1,high,B用“如何运作”填入A的“哪方面”开放槽位，属于填槽型问答共鸣，保留yes。,yes,0,1,1,0,0,0,哪方面,如何运作,gold_candidate_v3_carried_from_v2,0,,,,,,,,,,,,0,,frozen_gold_v1,formal_300_v1_gold_candidate_v3,2026-06-21
F300V1-0111,2785026,网络回帖,贴吧回帖,上文,早就说过某些球迷是多么的可笑，赢一场就会叛变回去，输一场就各种怀念,回帖,真.破车迷,yes,0,0,1,0,0,0,某些球迷,破车迷,B用“破车迷”概括A中“某些球迷”的群体对象，属于选择性承接和评价。,,ai_assisted_unreviewed,0,,,,,,,,,,,,round2_reviewed,1,high,B用“破车迷”概括A中“某些球迷”的群体对象，并继续评价，保留yes。,yes,0,0,1,0,0,0,某些球迷,破车迷,gold_candidate_v3_carried_from_v2,0,,,,,,,,,,,,0,,frozen_gold_v1,formal_300_v1_gold_candidate_v3,2026-06-21
F300V1-0112,2700790,文本对话,水浒传,那汉,我说与你，惊得你呆了！,宋江,愿闻那两个好汉大名。,yes,0,0,1,0,0,0,我说与你,愿闻,B承接A“我说与你”的发话承诺，以“愿闻”请求继续说明。,,ai_assisted_unreviewed,0,,,,,,,,,,,,ai_assisted_unreviewed,0,,,,,,,,,,,,gold_candidate_v3_carried_from_v2,0,,,,,,,,,,,,0,,frozen_gold_v1,formal_300_v1_gold_candidate_v3,2026-06-21
F300V1-0113,2734346,文本对话,老乞大,甲,小人是姑姑生的，他是舅舅生的。,乙,你两姨弟兄，是亲两姨那，是房亲两姨？,yes,0,0,1,0,0,1,姑姑生的 ||| 舅舅生的,两姨弟兄 ||| 亲两姨 ||| 房亲两姨,B将A中的亲属出生关系映射为“两姨”关系追问，具有亲属关系类比和选择性承接。,,ai_assisted_unreviewed,0,,,,,,,,,,,,ai_assisted_unreviewed,0,,,,,,,,,,,,gold_candidate_v3_carried_from_v2,0,,,,,,,,,,,,0,,frozen_gold_v1,formal_300_v1_gold_candidate_v3,2026-06-21
F300V1-0114,3072133,日常对话,douban-multiturn-100w,甲,我也26没人管我,乙,那你不错我家里人急死了天天张罗我去相亲,yes,0,0,1,0,1,0,没人管我,我家里人急死了,B以自己家人催婚的相反处境回应A“没人管我”，形成选择性承接和对比。,,ai_assisted_unreviewed,0,,,,,,,,,,,,ai_assisted_unreviewed,0,,,,,,,,,,,,gold_candidate_v3_carried_from_v2,0,,,,,,,,,,,,0,,frozen_gold_v1,formal_300_v1_gold_candidate_v3,2026-06-21
F300V1-0115,2751216,日常对话,chatterbot-1k,,玩笑,,"你当你穿越一个坏的错误和罐头沙,你得到了什么？",no,0,0,0,0,0,0,,,B生成内容语义混乱，与A的“玩笑”没有稳定映射。,,ai_assisted_unreviewed,0,,,,,,,,,,,,ai_assisted_unreviewed,0,,,,,,,,,,,,gold_candidate_v3_after_final_sanity,1,high,B内容语义混乱，与A的“玩笑”没有稳定映射，维持no。,no,0,0,0,0,0,0,,,0,,frozen_gold_v1,formal_300_v1_gold_candidate_v3,2026-06-21
F300V1-0116,2719304,文本对话,平凡的世界,润叶,“因为我徐大爷说……”,田福军,“他说啥了？”,yes,1,0,1,0,0,0,说,他说啥了,B复现“说”，并追问A中“徐大爷说”的具体内容。,,ai_assisted_unreviewed,0,,,,,,,,,,,,ai_assisted_unreviewed,0,,,,,,,,,,,,gold_candidate_v3_after_final_sanity,1,high,B复现“说”，并追问A中“徐大爷说”的具体内容，属于稳定短答/追问型承接，维持yes。,yes,1,0,1,0,0,0,说,他说啥了,0,,frozen_gold_v1,formal_300_v1_gold_candidate_v3,2026-06-21
F300V1-0117,2723842,文本对话,唐传奇,美人,浑忘却。,颜浚,何人不欲斯言耶？,yes,0,0,1,0,0,0,浑忘却,斯言,B用“斯言”指回A的话语内容，并围绕其可欲性作评价。,,ai_assisted_unreviewed,0,,,,,,,,,,,,round2_reviewed,1,medium,B用“斯言”指回A的话语内容并继续评价，属于指示性承接，保留yes但置信度中等。,yes,0,0,1,0,0,0,浑忘却,斯言,gold_candidate_v3_carried_from_v2,0,,,,,,,,,,,,0,,frozen_gold_v1,formal_300_v1_gold_candidate_v3,2026-06-21
F300V1-0118,2748488,日常对话,青云语料,问,你长的喔是大饼脸,答,菲菲是长在虚拟世界里的，你不可能知道我长啥样,yes,0,0,1,1,1,0,大饼脸,你不可能知道我长啥样,B承接A对外貌的评价，指出A不可能知道其长相，形成修正和对比。,,ai_assisted_unreviewed,0,,,,,,,,,,,,ai_assisted_unreviewed,0,,,,,,,,,,,,gold_candidate_v3_carried_from_v2,0,,,,,,,,,,,,0,,frozen_gold_v1,formal_300_v1_gold_candidate_v3,2026-06-21
F300V1-0119,2685269,文本对话,红楼梦,尤氏,既这样，我别处找吃的去。饿的我受不得了。,,【平】：奶奶请回来。这里有点心，且点补一点儿，回来再吃饭。,yes,1,0,1,0,0,0,找吃的 ||| 饿,点心 ||| 再吃饭,B承接A“饿/找吃的”的需求，提供点心和吃饭安排。,,ai_assisted_unreviewed,0,,,,,,,,,,,,ai_assisted_unreviewed,0,,,,,,,,,,,,gold_candidate_v3_carried_from_v2,0,,,,,,,,,,,,0,,frozen_gold_v1,formal_300_v1_gold_candidate_v3,2026-06-21
F300V1-0120,2734171,文本对话,论语,孔子,足食，足兵，民信之矣,子贡,必不得已而去，于斯三者何先？,yes,1,1,1,0,0,0,足食，足兵，民信之矣,三者何先,B用“三者”概括A列举的三项，并追问优先顺序，形成选择性承接和结构对齐。,,ai_assisted_unreviewed,0,,,,,,,,,,,,round2_reviewed,1,high,B用“三者”概括A列举的三项，并追问优先顺序，结构承接明确，保留yes。,yes,1,1,1,0,0,0,足食，足兵，民信之矣,三者何先,gold_candidate_v3_carried_from_v2,0,,,,,,,,,,,,0,,frozen_gold_v1,formal_300_v1_gold_candidate_v3,2026-06-21
F300V1-0121,3055346,日常对话,qingyun-11w,问,哇…好快…甘祝你地幸福,答,等等哈，正吃着切糕呢,no,0,0,0,0,0,0,,,B转入自己正在吃切糕，与A祝福内容缺少可定位的结构或语义承接。,,ai_assisted_unreviewed,0,,,,,,,,,,,,ai_assisted_unreviewed,0,,,,,,,,,,,,gold_candidate_v3_carried_from_v2,0,,,,,,,,,,,,0,,frozen_gold_v1,formal_300_v1_gold_candidate_v3,2026-06-21
F300V1-0122,2722757,文本对话,骆驼祥子,祥子,忙，年底下！,虎妞,我知道你这小子吃硬不吃软，跟你说好的算白饶！你当我怕谁是怎着？你打算怎样？你要是不愿意听我的，我正没工夫跟你费吐沫玩！说翻了的话，我会堵着你的宅门骂三天三夜！你上哪儿我也找得着！我还是不论秧子①！,yes,0,0,1,0,1,0,忙,没工夫,B以“没工夫”回应A的“忙”，并转入威胁式反驳，形成弱对比。,,ai_assisted_unreviewed,0,,,,,,,,,,,,round2_reviewed,1,medium,B以“没工夫”回应A的“忙”，并转入拒绝/威胁性回应，属于弱对比式承接，保留yes。,yes,0,0,1,0,1,0,忙,没工夫,gold_candidate_v3_carried_from_v2,0,,,,,,,,,,,,0,,frozen_gold_v1,formal_300_v1_gold_candidate_v3,2026-06-21
F300V1-0123,2693891,访谈语料,china_interview,孙国吉,谢谢大家！ （责编/文字：韩琳；,主持,佟静；,no,0,0,0,0,0,0,,,B只是制作人员署名，非真实相邻对话回应。,,ai_assisted_unreviewed,0,,,,,,,,,,,,ai_assisted_unreviewed,0,,,,,,,,,,,,gold_candidate_v3_carried_from_v2,0,,,,,,,,,,,,0,,frozen_gold_v1,formal_300_v1_gold_candidate_v3,2026-06-21
F300V1-0124,2728306,文本对话,朱子语类,味道,损者三乐,朱子,惟宴乐最可畏，所谓『宴安酖毒』是也,yes,1,0,1,0,0,0,三乐,宴乐,B复现“乐”，并选择其中“宴乐”展开解释。,,ai_assisted_unreviewed,0,,,,,,,,,,,,round2_reviewed,1,high,B复现“乐”，并选择A中的“三乐”之一继续解释，属于选择性承接，保留yes。,yes,1,0,1,0,0,0,三乐,宴乐,gold_candidate_v3_carried_from_v2,0,,,,,,,,,,,,0,,frozen_gold_v1,formal_300_v1_gold_candidate_v3,2026-06-21
F300V1-0125,2702045,网络回帖,tieba-305w,上帖,哎呦，旺财,回帖,撒比么么哒,no,0,0,0,0,0,0,,,B只是辱骂式回应，未复用A的称呼或形成稳定结构映射。,,ai_assisted_unreviewed,0,,,,,,,,,,,,ai_assisted_unreviewed,0,,,,,,,,,,,,gold_candidate_v3_carried_from_v2,0,,,,,,,,,,,,0,,frozen_gold_v1,formal_300_v1_gold_candidate_v3,2026-06-21
F300V1-0126,2735831,文本对话,世说新语,王丞相,令术劝酒,孔群,德非孔子，厄同匡人。虽阳和布气，鹰化为鸠，至于识者，犹憎其眼。,no,0,0,0,0,0,0,,,B的典故性陈述与A“令术劝酒”之间缺少可定位的词汇复现或结构承接。,,ai_assisted_unreviewed,0,,,,,,,,,,,,ai_assisted_unreviewed,0,,,,,,,,,,,,gold_candidate_v3_carried_from_v2,0,,,,,,,,,,,,0,,frozen_gold_v1,formal_300_v1_gold_candidate_v3,2026-06-21
F300V1-0127,2715076,文本对话,西游记,如来,自那混沌分时，天开于子，地辟于丑，人生于寅，天地再交合，万物尽皆生。万物有走兽飞禽，走兽以麒麟为之长，飞禽以凤凰为之长。那凤凰又得交合之气，育生孔雀、大鹏。孔雀出世之时最恶，能吃人，四十五里路把人一口吸之。我在雪山顶上，修成丈六金身，早被他也把我吸下肚去。我欲从他便门而出，恐污真身，是我剖开他脊背，跨上灵山。欲伤他命，当被诸佛劝解，伤孔雀如伤我母，故此留他在灵山会上，封他做佛母孔雀大明王菩萨。大鹏与他是一母所生，故此有些亲处。,行者,如来，若这般比论，你还是妖精的外甥哩。,yes,0,0,1,0,1,1,一母所生 ||| 亲处,外甥,B根据A提供的亲属关系推出“外甥”关系，并以此反讽A，具有类比和对比。,,ai_assisted_unreviewed,0,,,,,,,,,,,,ai_assisted_unreviewed,0,,,,,,,,,,,,gold_candidate_v3_carried_from_v2,0,,,,,,,,,,,,0,,frozen_gold_v1,formal_300_v1_gold_candidate_v3,2026-06-21
F300V1-0128,2733691,文本对话,孟子,孟子,王之好乐甚，则齐其庶几乎！今之乐犹古之乐也,庄暴,可得闻与？,yes,0,0,1,0,0,0,今之乐犹古之乐也,可得闻与,B承接A关于乐的论断，请求进一步听闻解释，属于弱选择性承接。,,ai_assisted_unreviewed,0,,,,,,,,,,,,round2_reviewed,1,medium,B承接A关于“今乐/古乐”的论断，请求进一步解释，属于弱选择性承接，保留yes。,yes,0,0,1,0,0,0,今之乐犹古之乐也,可得闻与,gold_candidate_v3_carried_from_v2,0,,,,,,,,,,,,0,,frozen_gold_v1,formal_300_v1_gold_candidate_v3,2026-06-21
F300V1-0129,2735082,文本对话,朴通事,甲,说三日三宿，从今日起，后日罢散。诸国人民，一切善男善女，不知其数，发大慈心，都往那里听佛法去。这的真善智识那里寻去，咱也随喜去来。,乙,你且停一停，我到衙门押了公座便来。,yes,0,0,1,0,1,0,咱也随喜去来,你且停一停,B承接A提出的一同前往行动，并用“且停一停”暂时阻止，形成对比。,,ai_assisted_unreviewed,0,,,,,,,,,,,,ai_assisted_unreviewed,0,,,,,,,,,,,,gold_candidate_v3_carried_from_v2,0,,,,,,,,,,,,0,,frozen_gold_v1,formal_300_v1_gold_candidate_v3,2026-06-21
F300V1-0130,2756376,影视对白,subtitle-useless,,没人责备你,,诽谤不会成为阻碍,no,0,0,0,0,0,0,,,B谈“诽谤”未稳定复现或改造A中“责备”的表达结构，语义关系不足以判为共鸣。,,ai_assisted_unreviewed,0,,,,,,,,,,,,ai_assisted_unreviewed,0,,,,,,,,,,,,gold_candidate_v3_carried_from_v2,0,,,,,,,,,,,,0,,frozen_gold_v1,formal_300_v1_gold_candidate_v3,2026-06-21
F300V1-0131,2678934,文本对话,雷雨,周朴园,你想见他？,鲁侍萍,嗯，他在哪儿？,yes,1,0,1,0,0,0,他,他,B复现人物指称“他”，并围绕A的见面意愿继续追问其位置。,,ai_assisted_unreviewed,0,,,,,,,,,,,,ai_assisted_unreviewed,0,,,,,,,,,,,,gold_candidate_v3_carried_from_v2,0,,,,,,,,,,,,0,,frozen_gold_v1,formal_300_v1_gold_candidate_v3,2026-06-21
F300V1-0132,2696837,访谈语料,mfa_press,毛宁,乌克兰危机“和平之友”小组成立的目的就是停火止战、劝和促谈，为争取和平营造氛围、积累条件。小组成立以来为政治解决危机发挥了建设性作用，未来也将继续为此作出积极努力。,《北京青年报》记者,据了解，中方已经同意恢复中国公民赴加拿大团队游。发言人对此有何评论？,no,0,0,0,0,0,0,,,B提出加拿大团队游的新问题，与A关于乌克兰危机的答复无相邻共鸣关系。,,ai_assisted_unreviewed,0,,,,,,,,,,,,ai_assisted_unreviewed,0,,,,,,,,,,,,gold_candidate_v3_carried_from_v2,0,,,,,,,,,,,,0,,frozen_gold_v1,formal_300_v1_gold_candidate_v3,2026-06-21
F300V1-0133,2724163,文本对话,清平山堂话本,李社长,我有个女孩儿，刘二哥求作媳妇，就今日说开。,刘添祥,既如此，选个吉日良辰，下些定礼。,yes,0,0,1,0,0,0,求作媳妇,下些定礼,B承接A提出的婚事安排，并给出择日下定礼的后续程序。,,ai_assisted_unreviewed,0,,,,,,,,,,,,ai_assisted_unreviewed,0,,,,,,,,,,,,gold_candidate_v3_carried_from_v2,0,,,,,,,,,,,,0,,frozen_gold_v1,formal_300_v1_gold_candidate_v3,2026-06-21
F300V1-0134,2964351,日常对话,chatterbot,,是啊,,我能帮你什么吗?,no,0,0,0,0,0,0,,,B从简单附和转入服务询问，未复用A的立场或结构资源。,,ai_assisted_unreviewed,0,,,,,,,,,,,,ai_assisted_unreviewed,0,,,,,,,,,,,,gold_candidate_v3_carried_from_v2,0,,,,,,,,,,,,0,,frozen_gold_v1,formal_300_v1_gold_candidate_v3,2026-06-21
F300V1-0135,2758500,网络回帖,贴吧回帖,上文,瞎扯淡，连海棠依旧这种纯洗白片，都可以看出毛周斗法的影子,回帖,一身冷汗,uncertain,0,0,?,0,0,0,瞎扯淡,一身冷汗,B表达对A强烈评价的情绪反应，但缺少可定位的核心机制，暂作边界样本。,主要是态度/情绪呼应，不宜强行归入核心标签。,top30_reviewed,1,medium,B主要是情绪/态度反应，缺少可定位的形式复用或结构映射，作为纯情绪呼应边界样本保留uncertain。,uncertain,0,0,?,0,0,0,瞎扯淡,一身冷汗,top30_reviewed,0,,,,,,,,,,,,gold_candidate_v3_carried_from_v2,0,,,,,,,,,,,,0,,frozen_gold_v1,formal_300_v1_gold_candidate_v3,2026-06-21
F300V1-0136,2700536,文本对话,水浒传,三个头领,哥哥去清风寨回来，是必再到山寨相会几时。,宋江,再得相见。,yes,0,0,1,0,0,0,再到山寨相会,再得相见,B承接A关于再次相会的期待，以“再得相见”表达回应。,,ai_assisted_unreviewed,0,,,,,,,,,,,,ai_assisted_unreviewed,0,,,,,,,,,,,,gold_candidate_v3_carried_from_v2,0,,,,,,,,,,,,0,,frozen_gold_v1,formal_300_v1_gold_candidate_v3,2026-06-21
F300V1-0137,2734311,文本对话,老乞大,甲,哥哥你贵姓？,乙,我姓王。,yes,1,1,1,0,0,0,贵姓,我姓王,B复现“姓”并用“王”填入A的姓氏槽位，属于典型填槽问答。,,ai_assisted_unreviewed,0,,,,,,,,,,,,ai_assisted_unreviewed,0,,,,,,,,,,,,gold_candidate_v3_carried_from_v2,0,,,,,,,,,,,,0,,frozen_gold_v1,formal_300_v1_gold_candidate_v3,2026-06-21
F300V1-0138,3010852,日常对话,douban-multiturn-100w,甲,孕妇修佛未吃肉医生检查说胎儿发育不好个头过小,乙,专念地藏菩萨本愿经地藏菩萨名号观世音菩萨普门品观世音菩萨名号佛号或者佛说观无量寿佛经url 0024htm另外怀孕不要念般若空性类的经典,no,0,0,0,0,0,0,,,B给出宗教建议，但没有稳定复现A关于孕妇饮食和胎儿发育的表达资源。,,ai_assisted_unreviewed,0,,,,,,,,,,,,ai_assisted_unreviewed,0,,,,,,,,,,,,gold_candidate_v3_carried_from_v2,0,,,,,,,,,,,,0,,frozen_gold_v1,formal_300_v1_gold_candidate_v3,2026-06-21
F300V1-0139,2751387,日常对话,chatterbot-1k,,你是脑残,,你疯了,yes,1,1,1,0,1,0,你是脑残,你疯了,两轮共享“你+负面评价”框架，B以同类辱骂反击A。,,ai_assisted_unreviewed,0,,,,,,,,,,,,round2_reviewed,1,high,两轮共享“你+负面评价”框架，B以同类辱骂反击A，保留yes。,yes,1,1,1,0,1,0,你是脑残,你疯了,gold_candidate_v3_carried_from_v2,0,,,,,,,,,,,,0,,frozen_gold_v1,formal_300_v1_gold_candidate_v3,2026-06-21
F300V1-0140,2718040,文本对话,平凡的世界,田福军,快进窑里来坐！,李登云,这几年徐老过生日，不都是你亲自上手炒菜吗？今年怎不再露一手呢？,no,0,0,0,0,0,0,,,B转入生日炒菜话题，与A“进窑里来坐”的邀请缺少稳定承接。,,ai_assisted_unreviewed,0,,,,,,,,,,,,ai_assisted_unreviewed,0,,,,,,,,,,,,gold_candidate_v3_carried_from_v2,0,,,,,,,,,,,,0,,frozen_gold_v1,formal_300_v1_gold_candidate_v3,2026-06-21
F300V1-0141,2723494,文本对话,唐传奇,,【澄】：厌厌夜饮，不醉无归。,女,天色如此，归亦何往哉？,yes,1,0,1,0,1,0,无归,归亦何往哉,B复现“归”，并把A的“不醉无归”转化为对归处的反问，形成选择性承接和对比。,,ai_assisted_unreviewed,0,,,,,,,,,,,,ai_assisted_unreviewed,0,,,,,,,,,,,,gold_candidate_v3_carried_from_v2,0,,,,,,,,,,,,0,,frozen_gold_v1,formal_300_v1_gold_candidate_v3,2026-06-21
F300V1-0142,2751161,日常对话,青云语料,问,甘正传,答,你们这些淫，聊上一会，呆会就说我笨，往往自己就是笨蛋,no,0,0,0,0,0,0,,,B转入泛化辱骂和自我辩护，未稳定复现或改造A中的具体表达资源。,,ai_assisted_unreviewed,0,,,,,,,,,,,,ai_assisted_unreviewed,0,,,,,,,,,,,,gold_candidate_v3_carried_from_v2,0,,,,,,,,,,,,0,,frozen_gold_v1,formal_300_v1_gold_candidate_v3,2026-06-21
F300V1-0143,2686440,文本对话,红楼梦,宝钗,依我说妈妈也不用去，由着他们闹去罢。这也是没法儿的事了。,薛姨妈,这那里还了得！,yes,0,0,1,0,1,0,这也是没法儿的事了,这那里还了得,B用“这”稳定指回A所说的无可奈何局面，并以“那里还了得”作反向评价。,,ai_assisted_unreviewed,0,,,,,,,,,,,,ai_assisted_unreviewed,0,,,,,,,,,,,,gold_candidate_v3_carried_from_v2,0,,,,,,,,,,,,0,,frozen_gold_v1,formal_300_v1_gold_candidate_v3,2026-06-21
F300V1-0144,2734246,文本对话,论语,长沮,夫执舆者为谁？,子路,为孔丘,yes,0,1,1,0,0,0,为谁,为孔丘,B用“孔丘”填入A的“为谁”人物槽位，属于典型填槽型问答。,,ai_assisted_unreviewed,0,,,,,,,,,,,,ai_assisted_unreviewed,0,,,,,,,,,,,,gold_candidate_v3_carried_from_v2,0,,,,,,,,,,,,0,,frozen_gold_v1,formal_300_v1_gold_candidate_v3,2026-06-21
F300V1-0145,2747815,日常对话,qingyun-11w,问,小色狼,答,好滴,no,0,0,0,0,0,0,,,B只是简单应答，未复现或稳定承接A的称呼资源。,,ai_assisted_unreviewed,0,,,,,,,,,,,,ai_assisted_unreviewed,0,,,,,,,,,,,,gold_candidate_v3_carried_from_v2,0,,,,,,,,,,,,0,,frozen_gold_v1,formal_300_v1_gold_candidate_v3,2026-06-21
F300V1-0146,2723063,文本对话,骆驼祥子,虎妞,放心吧，赁给丁四拉着呢！,祥子,啊！,no,0,0,0,0,0,0,,,B只有感叹式短答，缺少可定位的复现、填槽或结构映射。,,ai_assisted_unreviewed,0,,,,,,,,,,,,ai_assisted_unreviewed,0,,,,,,,,,,,,gold_candidate_v3_carried_from_v2,0,,,,,,,,,,,,0,,frozen_gold_v1,formal_300_v1_gold_candidate_v3,2026-06-21
F300V1-0147,2693844,访谈语料,china_interview,中国网,其实造福了全人类。,孙国吉,对。 国家林业局天然林保护工程管理中心（天保办）主任孙国吉做客中国网《中国访谈》直播间。,uncertain,0,0,?,0,0,0,造福了全人类,对,B的“对”明显表达立场附和，但没有可稳定归入复现、平行、修正或对比的核心机制。,主要是纯立场附和，暂不强行纳入核心标签。,top30_reviewed,1,low,B的“对”是立场附和，后半句又疑似访谈材料错接，缺少稳定核心机制，保留uncertain。,uncertain,0,0,?,0,0,0,造福了全人类,对,top30_reviewed,0,,,,,,,,,,,,gold_candidate_v3_carried_from_v2,0,,,,,,,,,,,,0,,frozen_gold_v1,formal_300_v1_gold_candidate_v3,2026-06-21
F300V1-0148,2730625,文本对话,朱子语类,问者,简易,朱子,若长是易时，更有甚么险？他便不知险矣。若长是简时，更有甚么阻？他便不知阻矣。只是当忧患之际方见得,yes,1,0,1,0,1,0,简易,易 ||| 简,B拆解A中的“简易”，分别解释“易/简”与“险/阻”的关系，形成复现和对比式阐释。,,ai_assisted_unreviewed,0,,,,,,,,,,,,ai_assisted_unreviewed,0,,,,,,,,,,,,gold_candidate_v3_carried_from_v2,0,,,,,,,,,,,,0,,frozen_gold_v1,formal_300_v1_gold_candidate_v3,2026-06-21
F300V1-0149,2915123,网络回帖,tieba-305w,上帖,乔科尔 速度不差吧,回帖,那个时代技术最好的英格兰球员,yes,0,0,1,0,0,0,乔科尔,那个时代技术最好的英格兰球员,B用“那个时代技术最好的英格兰球员”指回A中的乔科尔，并围绕其能力维度继续评价。,,ai_assisted_unreviewed,0,,,,,,,,,,,,ai_assisted_unreviewed,0,,,,,,,,,,,,gold_candidate_v3_carried_from_v2,0,,,,,,,,,,,,0,,frozen_gold_v1,formal_300_v1_gold_candidate_v3,2026-06-21
F300V1-0150,2735985,文本对话,世说新语,子敬,井丹高洁,子猷,未若长卿慢世。,yes,0,1,1,0,1,1,井丹高洁,未若长卿慢世,B以另一人物及品评维度回应A的人物评价，形成比较性结构平行、选择性承接和类比候选。,,ai_assisted_unreviewed,0,,,,,,,,,,,,ai_assisted_unreviewed,0,,,,,,,,,,,,gold_candidate_v3_carried_from_v2,0,,,,,,,,,,,,0,,frozen_gold_v1,formal_300_v1_gold_candidate_v3,2026-06-21
F300V1-0151,2734271,文本对话,老乞大,甲,既是这月初一日离了王京，到今半个月，怎麽才到的这里？,乙,我有一个火伴落后了来，我沿路上慢慢的行着等候来，因此上来的迟了。,yes,0,0,1,0,0,0,怎麽才到的这里,因此上来的迟了,B用同伴落后的原因填补A的“怎么才到”原因槽位，属于问答填槽型弱共鸣。,,ai_assisted_unreviewed,0,,,,,,,,,,,,ai_assisted_unreviewed,0,,,,,,,,,,,,gold_candidate_v3_carried_from_v2,0,,,,,,,,,,,,0,,frozen_gold_v1,formal_300_v1_gold_candidate_v3,2026-06-21
F300V1-0152,2996313,日常对话,douban-multiturn-100w,甲,还是上次那种会重复的,乙,哦好的那没事的,no,0,0,0,0,0,0,,,B只是表示接受和无事，未稳定复用A中“重复”的表达资源。,,ai_assisted_unreviewed,0,,,,,,,,,,,,ai_assisted_unreviewed,0,,,,,,,,,,,,gold_candidate_v3_carried_from_v2,0,,,,,,,,,,,,0,,frozen_gold_v1,formal_300_v1_gold_candidate_v3,2026-06-21
F300V1-0153,2971567,影视对白,subtitle-useless,,不我要找出是谁要杀死帕默总统,,你想怎么做?,yes,0,0,1,0,0,0,找出是谁要杀死帕默总统,你想怎么做,B承接A要找出凶手的行动目标，并追问实现方式。,,ai_assisted_unreviewed,0,,,,,,,,,,,,round2_reviewed,1,high,B承接A提出的行动目标，并追问实现方式，属于稳定的行动方案承接，保留yes。,yes,0,0,1,0,0,0,找出是谁要杀死帕默总统,你想怎么做,gold_candidate_v3_carried_from_v2,0,,,,,,,,,,,,0,,frozen_gold_v1,formal_300_v1_gold_candidate_v3,2026-06-21
F300V1-0154,2736359,文本对话,世说新语,温公,卿但遥拜，必无它。我为卿保之。,庾公,至，便拜。,yes,1,0,1,0,0,0,遥拜,便拜,B复现“拜”的行动，并将A的建议落实为后续动作。,,ai_assisted_unreviewed,0,,,,,,,,,,,,ai_assisted_unreviewed,0,,,,,,,,,,,,gold_candidate_v3_carried_from_v2,0,,,,,,,,,,,,0,,frozen_gold_v1,formal_300_v1_gold_candidate_v3,2026-06-21
F300V1-0155,2696054,访谈语料,mfa_press,共同社记者,发言人刚刚发布了加拿大外长即将访华的消息，王毅外长将与加拿大外长讨论哪些方面的话题？能否分享更多消息？,林剑,乔利外长访华期间，双方将就中加关系和共同关心的问题深入沟通，推动两国关系改善和发展。 相关附件,yes,1,0,1,0,0,0,加拿大外长 ||| 哪些方面的话题,乔利外长访华期间 ||| 中加关系和共同关心的问题,B复现加拿大外长访华议题，并以“中加关系和共同关心的问题”填入A的话题槽位。,,ai_assisted_unreviewed,0,,,,,,,,,,,,ai_assisted_unreviewed,0,,,,,,,,,,,,gold_candidate_v3_carried_from_v2,0,,,,,,,,,,,,0,,frozen_gold_v1,formal_300_v1_gold_candidate_v3,2026-06-21
F300V1-0156,2694179,访谈语料,china_live,中新社记者,近日，交通部印发了《进一步促进邮轮运输及旅游服务发展的若干措施》，能否介绍一下有关情况？,李扬,关于邮轮的问题，请水运局局长杨华雄先生介绍。,no,0,0,0,0,0,0,,,B只是把问题转交给另一位发言人，不形成可分析的形式或结构映射。,,ai_assisted_unreviewed,0,,,,,,,,,,,,ai_assisted_unreviewed,0,,,,,,,,,,,,gold_candidate_v3_after_final_sanity,1,high,B只是把问题转交给另一位发言人，不形成可分析的形式或结构映射，维持no。,no,0,0,0,0,0,0,,,0,,frozen_gold_v1,formal_300_v1_gold_candidate_v3,2026-06-21
F300V1-0157,2725236,文本对话,朱子语类,守约,物格、知至，到曾子悟忠恕于一唯处，方是知得至否？,朱子,亦是如此。只是就小处一事一物上理会得到，亦是知,yes,1,0,1,0,0,0,知至,知,B复现“知”这一核心概念，并对A提出的“知至否”作解释性回应。,,ai_assisted_unreviewed,0,,,,,,,,,,,,ai_assisted_unreviewed,0,,,,,,,,,,,,gold_candidate_v3_carried_from_v2,0,,,,,,,,,,,,0,,frozen_gold_v1,formal_300_v1_gold_candidate_v3,2026-06-21
F300V1-0158,2720818,文本对话,平凡的世界,田晓霞,今天晚上，你把金波也叫上，我在学校门口等你们。,孙少平,那好吧！你要不要去一下我住的地方？,no,0,0,0,0,0,0,,,B只是接受约定后另起邀请，未稳定复用A的时间、地点或人物安排结构。,,ai_assisted_unreviewed,0,,,,,,,,,,,,ai_assisted_unreviewed,0,,,,,,,,,,,,gold_candidate_v3_carried_from_v2,0,,,,,,,,,,,,0,,frozen_gold_v1,formal_300_v1_gold_candidate_v3,2026-06-21
F300V1-0159,2735303,文本对话,朴通事,甲,你摘馈我些叶儿。,乙,要做甚麽？,yes,0,0,1,0,0,0,摘馈我些叶儿,要做甚麽,B承接A要求摘叶的行动，并追问其用途。,,ai_assisted_unreviewed,0,,,,,,,,,,,,ai_assisted_unreviewed,0,,,,,,,,,,,,gold_candidate_v3_carried_from_v2,0,,,,,,,,,,,,0,,frozen_gold_v1,formal_300_v1_gold_candidate_v3,2026-06-21
F300V1-0160,2734150,文本对话,论语,子路,闻斯行诸？,孔子,有父兄在，如之何闻斯行之？,yes,1,1,1,0,1,0,闻斯行诸,闻斯行之,B复现“闻斯行”的表达框架，并用父兄在场反向限制A的行动判断。,,ai_assisted_unreviewed,0,,,,,,,,,,,,ai_assisted_unreviewed,0,,,,,,,,,,,,gold_candidate_v3_carried_from_v2,0,,,,,,,,,,,,0,,frozen_gold_v1,formal_300_v1_gold_candidate_v3,2026-06-21
F300V1-0161,2705340,文本对话,水浒传,李逵,这个庄客倒眼乖。,太公,师父怎生得知？,yes,0,0,1,0,0,0,眼乖,怎生得知,B承接A对庄客机灵的判断，并追问其判断依据。,,ai_assisted_unreviewed,0,,,,,,,,,,,,ai_assisted_unreviewed,0,,,,,,,,,,,,gold_candidate_v3_carried_from_v2,0,,,,,,,,,,,,0,,frozen_gold_v1,formal_300_v1_gold_candidate_v3,2026-06-21
F300V1-0162,2678195,文本对话,雷雨,鲁侍萍,哦，我的孩子，我的孩子今天受了委屈了。,鲁贵,你看看，这孩子一身小姐气，她要跟你不是受罪么？,yes,1,0,1,0,1,0,我的孩子 ||| 受了委屈,这孩子 ||| 受罪,B复现“孩子/受”的评价框架，并将A的委屈判断转为对孩子气的反向评价。,,ai_assisted_unreviewed,0,,,,,,,,,,,,ai_assisted_unreviewed,0,,,,,,,,,,,,gold_candidate_v3_carried_from_v2,0,,,,,,,,,,,,0,,frozen_gold_v1,formal_300_v1_gold_candidate_v3,2026-06-21
F300V1-0163,2751288,日常对话,chatterbot-1k,,我买股票了,,你觉得股市要走红了吗？,yes,1,0,1,0,0,0,买股票,股市要走红了吗,B承接A买股票的信息，并追问其对股市走势的判断。,,ai_assisted_unreviewed,0,,,,,,,,,,,,round2_reviewed,1,high,B承接A买股票的信息，并追问股市走势，语义承接明确，保留yes。,yes,1,0,1,0,0,0,买股票,股市要走红了吗,gold_candidate_v3_carried_from_v2,0,,,,,,,,,,,,0,,frozen_gold_v1,formal_300_v1_gold_candidate_v3,2026-06-21
F300V1-0164,2724401,文本对话,清平山堂话本,如春,我不似你这等淫贱，贪生受辱，枉为人在世，泼贱之女！,金莲,好言不听，祸必临身！,yes,0,0,1,0,1,0,不似你这等淫贱,好言不听,B把A的激烈拒斥理解为不听劝，并以祸必临身作反向警告。,,ai_assisted_unreviewed,0,,,,,,,,,,,,ai_assisted_unreviewed,0,,,,,,,,,,,,gold_candidate_v3_carried_from_v2,0,,,,,,,,,,,,0,,frozen_gold_v1,formal_300_v1_gold_candidate_v3,2026-06-21
F300V1-0165,2733820,文本对话,孟子,陈相,否。许子衣褐,孟子,许子冠乎？,yes,1,0,1,0,0,0,许子衣褐,许子冠乎,B复现“许子”，并围绕其衣冠情况继续追问。,,ai_assisted_unreviewed,0,,,,,,,,,,,,ai_assisted_unreviewed,0,,,,,,,,,,,,gold_candidate_v3_carried_from_v2,0,,,,,,,,,,,,0,,frozen_gold_v1,formal_300_v1_gold_candidate_v3,2026-06-21
F300V1-0166,2693769,访谈语料,china_interview,中国网,在您看来，文化创意产业对社会经济转型有什么意义？,于新芳,文化创意产业对鄂尔多斯转型发展意义极其重大。因为我们是资源型地区，所以只有通过文化创意，通过引进外来的人才，通过激发外地人才到鄂尔多斯创业，我们才能在资源型之外逐步走出另外一条路子。 鄂尔多斯市常委、东胜区区委书记 于新芳接受中国网《中国访谈》节目专访,yes,1,0,1,0,0,0,文化创意产业 ||| 有什么意义,文化创意产业 ||| 意义极其重大,B复现“文化创意产业/意义”议题，并直接填入A的意义询问槽位。,,ai_assisted_unreviewed,0,,,,,,,,,,,,ai_assisted_unreviewed,0,,,,,,,,,,,,gold_candidate_v3_carried_from_v2,0,,,,,,,,,,,,0,,frozen_gold_v1,formal_300_v1_gold_candidate_v3,2026-06-21
F300V1-0167,2841351,日常对话,chatterbot,,什么样的电脑,,"我在各种计算机上工作,MAC,IBM或UNIX,对我来说没关系。",yes,0,1,1,0,0,0,什么样的电脑,"各种计算机上工作,MAC,IBM或UNIX",B用计算机类型列表填入A的“什么样的电脑”开放槽位。,,ai_assisted_unreviewed,0,,,,,,,,,,,,ai_assisted_unreviewed,0,,,,,,,,,,,,gold_candidate_v3_carried_from_v2,0,,,,,,,,,,,,0,,frozen_gold_v1,formal_300_v1_gold_candidate_v3,2026-06-21
F300V1-0168,2688208,文本对话,红楼梦,道人,来自有地，去自有方。,便长揖请,老道从何处修来，在此结庐？此庙何名？庙中共有几人？或欲真修，岂无名山；或欲结缘，何不通衢？,yes,1,0,1,0,0,0,来自有地，去自有方,从何处修来,B承接A关于来去有源的说法，追问其修行来源和所在处。,,ai_assisted_unreviewed,0,,,,,,,,,,,,ai_assisted_unreviewed,0,,,,,,,,,,,,gold_candidate_v3_carried_from_v2,0,,,,,,,,,,,,0,,frozen_gold_v1,formal_300_v1_gold_candidate_v3,2026-06-21
F300V1-0169,2706337,网络回帖,tieba-305w,上帖,忠言逆耳,回帖,是的,uncertain,0,0,?,0,0,0,忠言逆耳,是的,B只是对A的格言作立场确认，缺少可稳定定位的核心机制。,主要是纯确认/附和，暂不强行标为核心共鸣。,top30_reviewed,1,medium,B只是对格言作确认，属于纯立场附和/确认边界，不进入核心标签，保留uncertain。,uncertain,0,0,?,0,0,0,忠言逆耳,是的,top30_reviewed,0,,,,,,,,,,,,gold_candidate_v3_carried_from_v2,0,,,,,,,,,,,,0,,frozen_gold_v1,formal_300_v1_gold_candidate_v3,2026-06-21
F300V1-0170,2801273,日常对话,qingyun-11w,问,你喜欢的人,答,当然有喽，我喜欢你呀,yes,1,0,1,0,0,0,喜欢的人,喜欢你,B复现“喜欢”，并用“你”填入A的喜欢对象槽位。,,ai_assisted_unreviewed,0,,,,,,,,,,,,ai_assisted_unreviewed,0,,,,,,,,,,,,gold_candidate_v3_carried_from_v2,0,,,,,,,,,,,,0,,frozen_gold_v1,formal_300_v1_gold_candidate_v3,2026-06-21
F300V1-0171,2706503,日常对话,青云语料,问,仔要跑去主人的梦里找主人了,答,主人qq979910271.小宇，827308479何玲燕,yes,1,0,1,0,0,0,主人,主人,B复现“主人”，并给出主人信息，属于弱选择性承接。,,ai_assisted_unreviewed,0,,,,,,,,,,,,ai_assisted_unreviewed,0,,,,,,,,,,,,gold_candidate_v3_carried_from_v2,0,,,,,,,,,,,,0,,frozen_gold_v1,formal_300_v1_gold_candidate_v3,2026-06-21
F300V1-0172,2723479,文本对话,唐传奇,,【父、妪】：客冲雪寒甚，请前就火。,,【澄】：西去县尚远，乞宿于此。,no,0,0,0,0,0,0,,,B从就火邀请转为请求住宿，语义相关但缺少稳定复现或结构映射。,,ai_assisted_unreviewed,0,,,,,,,,,,,,ai_assisted_unreviewed,0,,,,,,,,,,,,gold_candidate_v3_carried_from_v2,0,,,,,,,,,,,,0,,frozen_gold_v1,formal_300_v1_gold_candidate_v3,2026-06-21
F300V1-0173,2755159,网络回帖,贴吧回帖,上文,参考北韩,回帖,台湾蒋氏又参考谁呢？,yes,1,1,1,0,1,1,参考北韩,参考谁,B复现“参考”框架并替换比较对象，反向追问台湾蒋氏的参照来源。,,ai_assisted_unreviewed,0,,,,,,,,,,,,ai_assisted_unreviewed,0,,,,,,,,,,,,gold_candidate_v3_carried_from_v2,0,,,,,,,,,,,,0,,frozen_gold_v1,formal_300_v1_gold_candidate_v3,2026-06-21
F300V1-0174,2715063,文本对话,西游记,行者,如来！我听见人讲说，那妖精与你有亲哩。,如来,这个刁猢狲！怎么个妖精与我有亲？,yes,1,1,1,1,1,0,妖精与你有亲,妖精与我有亲,B近乎复现A的指控并改换人称，以反问方式质疑和修正A的说法。,,ai_assisted_unreviewed,0,,,,,,,,,,,,ai_assisted_unreviewed,0,,,,,,,,,,,,gold_candidate_v3_carried_from_v2,0,,,,,,,,,,,,0,,frozen_gold_v1,formal_300_v1_gold_candidate_v3,2026-06-21
F300V1-0175,2734618,文本对话,老乞大,乙,我这一百零五两，该多少牙税钱？,甲,你自算，一两该三分，十两该三钱，一百零五两，牙税钱该三两一钱五分。,yes,1,1,1,0,0,0,该多少牙税钱,牙税钱该三两一钱五分,B复现“牙税钱/该”，并用具体数额填入A的金额槽位。,,ai_assisted_unreviewed,0,,,,,,,,,,,,ai_assisted_unreviewed,0,,,,,,,,,,,,gold_candidate_v3_carried_from_v2,0,,,,,,,,,,,,0,,frozen_gold_v1,formal_300_v1_gold_candidate_v3,2026-06-21
F300V1-0176,2791322,日常对话,douban-multiturn-100w,甲,7天以上是20元一天,乙,那么是几个人一起住呢,no,0,0,0,0,0,0,,,B转问住宿人数，与A的价格说明相邻但没有稳定复现或改造A的结构。,,ai_assisted_unreviewed,0,,,,,,,,,,,,ai_assisted_unreviewed,0,,,,,,,,,,,,gold_candidate_v3_carried_from_v2,0,,,,,,,,,,,,0,,frozen_gold_v1,formal_300_v1_gold_candidate_v3,2026-06-21
F300V1-0177,2756796,影视对白,subtitle-useless,,还有些人说是狄俄尼索斯的孩子,,只有女人才了解狄俄尼索斯,yes,1,0,1,0,0,0,狄俄尼索斯,狄俄尼索斯,B复现“狄俄尼索斯”，并围绕该对象补充评价。,,ai_assisted_unreviewed,0,,,,,,,,,,,,ai_assisted_unreviewed,0,,,,,,,,,,,,gold_candidate_v3_carried_from_v2,0,,,,,,,,,,,,0,,frozen_gold_v1,formal_300_v1_gold_candidate_v3,2026-06-21
F300V1-0178,2735841,文本对话,世说新语,蓝田,汝谓我堪此不？,文度,何为不堪！但克让自是美事，恐不可阙。,yes,1,0,1,0,1,0,堪此不,何为不堪,B复现“堪/不堪”，并以反问肯定A询问的能力判断。,,ai_assisted_unreviewed,0,,,,,,,,,,,,ai_assisted_unreviewed,0,,,,,,,,,,,,gold_candidate_v3_carried_from_v2,0,,,,,,,,,,,,0,,frozen_gold_v1,formal_300_v1_gold_candidate_v3,2026-06-21
F300V1-0179,2695234,访谈语料,mfa_press,丹麦广播公司记者,我想就中方近期扩大对欧洲国家免签范围提问。一些欧洲国家获得了免签入境中国资格，有些却没有。一些外交和商界人士对获得免签入境中国的资格标准有些困惑。你能否说明中方免签政策的标准是什么，并帮助我们理解荷兰和丹麦，匈牙利和瑞典之间有何不同？,林剑,中方对扩大中外人员往来一贯持开放态度，愿与有关国家加强沟通，进一步提升双边人员往来便利化水平。,no,0,0,0,0,0,0,,,B只是给出泛化外交回应，没有稳定回答A关于免签标准和差异的具体槽位。,,ai_assisted_unreviewed,0,,,,,,,,,,,,ai_assisted_unreviewed,0,,,,,,,,,,,,gold_candidate_v3_carried_from_v2,0,,,,,,,,,,,,0,,frozen_gold_v1,formal_300_v1_gold_candidate_v3,2026-06-21
F300V1-0180,2694073,访谈语料,china_live,中新社记者,台媒报道，根据“美台对等贸易协议”（ART）条款，美国花生将零关税输入台湾，岛内舆论担心可能导致美国花生倾销。台农业部门对此称，已做好准备，协助产业转型，提升台湾花生附加价值。请问对此有何评论？,陈斌华,民进党当局妄图“倚外谋独”，在与美贸易谈判中无原则媚外、无底线卖台，任由其予取予求。如果美国农产品零关税输入台湾的报道属实，势必严重冲击台湾农业发展，挤压岛内农户生存空间。民进党当局所谓“产业转型、提升附加值”的说辞，不过是试图转移焦点、敷衍民众、掩盖损失的空洞表态，根本无法化解外来农产品倾销带来的实际冲击。其对美一味敞开市场让利讨好，对内罔顾基层民生福祉，损害的是台湾民众的利益，牺牲的是台湾农业的未来。,yes,1,0,1,0,1,0,美国花生将零关税输入台湾 ||| 产业转型，提升台湾花生附加价值,美国农产品零关税输入台湾 ||| 产业转型、提升附加值,B复现A中的台湾、零关税输入和产业转型说辞，并对其作反驳性评价。,,ai_assisted_unreviewed,0,,,,,,,,,,,,ai_assisted_unreviewed,0,,,,,,,,,,,,gold_candidate_v3_carried_from_v2,0,,,,,,,,,,,,0,,frozen_gold_v1,formal_300_v1_gold_candidate_v3,2026-06-21
F300V1-0181,2730542,文本对话,朱子语类,问者,不独是以数算，大概只是参合底意思。如赵广汉欲问马，先问牛，便只是以彼数来参此数否？,朱子,是。却是恁地数了，又恁地数，也是将这个去比那个,yes,1,0,1,0,0,1,以彼数来参此数,将这个去比那个,B用“这个/那个”的比较关系解释A中的“以彼参此”，属于类比式选择性承接。,,ai_assisted_unreviewed,0,,,,,,,,,,,,ai_assisted_unreviewed,0,,,,,,,,,,,,gold_candidate_v3_carried_from_v2,0,,,,,,,,,,,,0,,frozen_gold_v1,formal_300_v1_gold_candidate_v3,2026-06-21
F300V1-0182,2722912,文本对话,骆驼祥子,王二,那什幺，没有。天还没亮，就都起来了，简直顾不得说话了。火车是，那什幺，七点四十分就开！那什幺，我怎幺过那院去？,祥子,跳过去！,yes,0,0,1,0,0,0,我怎幺过那院去,跳过去,B用“跳过去”填入A询问如何过院的办法槽位。,,ai_assisted_unreviewed,0,,,,,,,,,,,,ai_assisted_unreviewed,0,,,,,,,,,,,,gold_candidate_v3_carried_from_v2,0,,,,,,,,,,,,0,,frozen_gold_v1,formal_300_v1_gold_candidate_v3,2026-06-21
F300V1-0183,2718634,文本对话,平凡的世界,王彩娥,我照枣着哩！你二爸给我安排了这个轻省活……你吃枣不？,王彩娥,你都拾上！现在这周围没人看见！,yes,0,0,1,0,0,0,你吃枣不,你都拾上,B承接A关于枣的询问，转为让对方把枣都拾上。,,ai_assisted_unreviewed,0,,,,,,,,,,,,ai_assisted_unreviewed,0,,,,,,,,,,,,gold_candidate_v3_carried_from_v2,0,,,,,,,,,,,,0,,frozen_gold_v1,formal_300_v1_gold_candidate_v3,2026-06-21
F300V1-0184,2735031,文本对话,朴通事,甲,秀才哥，你与我写一纸借钱文书。,乙,拿纸墨笔砚来，我写与你。,yes,1,0,1,0,0,0,写一纸借钱文书,我写与你,B复现“写”，并承接A要求写文书的行动。,,ai_assisted_unreviewed,0,,,,,,,,,,,,ai_assisted_unreviewed,0,,,,,,,,,,,,gold_candidate_v3_carried_from_v2,0,,,,,,,,,,,,0,,frozen_gold_v1,formal_300_v1_gold_candidate_v3,2026-06-21
F300V1-0185,2734249,文本对话,论语,子路,是也,长沮,是知津矣,yes,1,0,1,0,0,0,是也,是知津矣,B复现“是”，并把A的判断推进为“知津”的解释。,,ai_assisted_unreviewed,0,,,,,,,,,,,,ai_assisted_unreviewed,0,,,,,,,,,,,,gold_candidate_v3_carried_from_v2,0,,,,,,,,,,,,0,,frozen_gold_v1,formal_300_v1_gold_candidate_v3,2026-06-21
F300V1-0186,2698585,文本对话,水浒传,一泼皮,我有一个道理。他又不曾认的我，我们如何便去寻的闹？等他来时，诱他去粪窖边，只做恭贺他，双手抢住脚，翻筋斗攧那厮下粪窖去，只是小耍他。,众泼皮,好，好！,uncertain,0,0,?,0,0,0,只是小耍他,好，好,B对A的计划表示赞同，但主要是纯附和，缺少可定位的核心机制。,主要是立场确认/附和，暂不强行纳入核心标签。,top30_reviewed,1,medium,B只是对A计划表示赞同，缺少可定位复现、填槽或结构改造，保留为纯附和边界样本。,uncertain,0,0,?,0,0,0,只是小耍他,好，好,top30_reviewed,0,,,,,,,,,,,,gold_candidate_v3_carried_from_v2,0,,,,,,,,,,,,0,,frozen_gold_v1,formal_300_v1_gold_candidate_v3,2026-06-21
F300V1-0187,2678585,文本对话,雷雨,鲁四凤,倒了它？,周蘩漪,嗯？好，要不，你先把它放在那儿。不，你还是倒了它。,yes,1,0,1,1,0,0,倒了它,倒了它,B复现“倒了它”，并在犹豫后修正为执行A提出的动作。,,ai_assisted_unreviewed,0,,,,,,,,,,,,ai_assisted_unreviewed,0,,,,,,,,,,,,gold_candidate_v3_carried_from_v2,0,,,,,,,,,,,,0,,frozen_gold_v1,formal_300_v1_gold_candidate_v3,2026-06-21
F300V1-0188,2751383,日常对话,chatterbot-1k,,你是自我,,"你是对的,我的自我。",yes,1,0,1,0,0,0,自我,我的自我,B复现“自我”，并将A的判断转为自我说明。,,ai_assisted_unreviewed,0,,,,,,,,,,,,ai_assisted_unreviewed,0,,,,,,,,,,,,gold_candidate_v3_carried_from_v2,0,,,,,,,,,,,,0,,frozen_gold_v1,formal_300_v1_gold_candidate_v3,2026-06-21
F300V1-0189,2724474,文本对话,清平山堂话本,王氏,你在那以住？家中有甚人管顾你？你眼见也不见？,婆婆,老拙无个男只女，在百厮求院子里住。两目青盲，略见些儿，每日出来看经吃化。自四十岁无了丈夫，五十岁坏了眼，平日只爱看经。到今看五十余年经了，因此背诵如水。,yes,0,1,1,0,0,0,那以住 ||| 有甚人管顾你 ||| 眼见也不见,在百厮求院子里住 ||| 无个男只女 ||| 两目青盲,B逐项填入A关于住处、家人和视力的多个询问槽位。,,ai_assisted_unreviewed,0,,,,,,,,,,,,ai_assisted_unreviewed,0,,,,,,,,,,,,gold_candidate_v3_carried_from_v2,0,,,,,,,,,,,,0,,frozen_gold_v1,formal_300_v1_gold_candidate_v3,2026-06-21
F300V1-0190,2733816,文本对话,孟子,孟子,远方之人闻君行仁政，愿受一廛而为氓,陈相,闻君行圣人之政，是亦圣人也，愿为圣人氓,yes,1,1,1,0,0,0,闻君行仁政 ||| 愿受一廛而为氓,闻君行圣人之政 ||| 愿为圣人氓,B高度复用A的“闻君行X政，愿为X氓”结构，并替换评价等级。,,ai_assisted_unreviewed,0,,,,,,,,,,,,ai_assisted_unreviewed,0,,,,,,,,,,,,gold_candidate_v3_carried_from_v2,0,,,,,,,,,,,,0,,frozen_gold_v1,formal_300_v1_gold_candidate_v3,2026-06-21
F300V1-0191,2693803,访谈语料,china_interview,中国网,随着“一带一路”倡议的落实，您说的那些情况是否会有所改变？,帕鲁贝克,我觉得会改变的，因为中国政府一直在对外提供援助，不仅仅是对亚洲国家、俄罗斯，还包括中东欧和西欧。,yes,1,0,1,0,0,0,是否会有所改变,会改变的,B复现“改变”，并直接回答A的变化询问。,,ai_assisted_unreviewed,0,,,,,,,,,,,,ai_assisted_unreviewed,0,,,,,,,,,,,,gold_candidate_v3_carried_from_v2,0,,,,,,,,,,,,0,,frozen_gold_v1,formal_300_v1_gold_candidate_v3,2026-06-21
F300V1-0192,2737779,日常对话,chatterbot,,你没有任何意义,,这一切都对我的人造心灵有意义。,yes,1,0,1,0,1,0,没有任何意义,有意义,B复现“意义”，并把A的否定判断反转为肯定。,,ai_assisted_unreviewed,0,,,,,,,,,,,,ai_assisted_unreviewed,0,,,,,,,,,,,,gold_candidate_v3_carried_from_v2,0,,,,,,,,,,,,0,,frozen_gold_v1,formal_300_v1_gold_candidate_v3,2026-06-21
F300V1-0193,2692756,文本对话,红楼梦,袭人,不是好些。,丙,这些事都是太太亲眼见的。独是夏天的话我从没敢和别人说。,no,0,0,0,0,0,0,,,B转入叙述太太和夏天的话，与A的“不是好些”缺少稳定映射。,,ai_assisted_unreviewed,0,,,,,,,,,,,,ai_assisted_unreviewed,0,,,,,,,,,,,,gold_candidate_v3_carried_from_v2,0,,,,,,,,,,,,0,,frozen_gold_v1,formal_300_v1_gold_candidate_v3,2026-06-21
F300V1-0194,2753148,网络回帖,tieba-305w,上帖,现在有人照着,回帖,教练和爵爷的关系，还有副主席！,uncertain,0,0,?,0,0,0,现在有人照着,教练和爵爷的关系,A话轮明显不完整，B可能承接某个未呈现话题，但无法稳定判断核心机制。,A话轮截断或上下文缺失，无法确认A/B关系。,top30_reviewed,1,low,A话轮明显不完整，B可能承接未呈现上下文，无法稳定判断A/B映射关系，保留uncertain。,uncertain,0,0,?,0,0,0,现在有人照着,教练和爵爷的关系,top30_reviewed,0,,,,,,,,,,,,gold_candidate_v3_carried_from_v2,0,,,,,,,,,,,,0,,frozen_gold_v1,formal_300_v1_gold_candidate_v3,2026-06-21
F300V1-0195,2749680,日常对话,qingyun-11w,问,以牙还牙,答,无聊的人说无聊的话,no,0,0,0,0,0,0,,,B只是贬低A的话语，无稳定复现或结构映射。,,ai_assisted_unreviewed,0,,,,,,,,,,,,ai_assisted_unreviewed,0,,,,,,,,,,,,gold_candidate_v3_carried_from_v2,0,,,,,,,,,,,,0,,frozen_gold_v1,formal_300_v1_gold_candidate_v3,2026-06-21
F300V1-0196,2689629,日常对话,青云语料,问,刚才还说女生,答,刚才是刚才，现在是现在，世事都是会变的,yes,1,1,1,0,1,0,刚才还说女生,刚才是刚才，现在是现在,B复现“刚才”，并用“刚才/现在”的对举结构反驳A的追问。,,ai_assisted_unreviewed,0,,,,,,,,,,,,ai_assisted_unreviewed,0,,,,,,,,,,,,gold_candidate_v3_carried_from_v2,0,,,,,,,,,,,,0,,frozen_gold_v1,formal_300_v1_gold_candidate_v3,2026-06-21
F300V1-0197,2723994,文本对话,唐传奇,王老,姓王。,韦义方,张老令取钱一千万，持此帽为信。,no,0,0,0,0,0,0,,,B转入取钱和帽子为信的叙述，与A的姓氏回答无稳定承接。,,ai_assisted_unreviewed,0,,,,,,,,,,,,ai_assisted_unreviewed,0,,,,,,,,,,,,gold_candidate_v3_carried_from_v2,0,,,,,,,,,,,,0,,frozen_gold_v1,formal_300_v1_gold_candidate_v3,2026-06-21
F300V1-0198,2710134,文本对话,西游记,摩昂,原来是你不知！他还有一个大徒弟，是五百年前大闹天宫上方太乙金仙齐天大圣，如今保护唐僧往西天拜佛求经，是普陀岩大慈大悲观音菩萨劝善，与他改名，唤做孙悟空行者。你怎么没得做，撞出这件祸来？他又在我海内遇着你的差人，夺了请帖，径入水晶宫，拿捏我父子们，有结连妖邪，抢夺人口之罪。你快把唐僧、八戒送上河边，交还了孙大圣，凭着我与他陪礼，你还好得性命，若有半个不字，休想得全生居于此也！,鼍龙,我与你嫡亲的姑表，你倒反护他人？听你所言，就教把唐僧送出，天地间那里有这等容易事也！你便怕他，莫成我也怕他？他若有手段，敢来我水府门前，与我交战三合，我才与他师父，若敌不过我，就连他也拿来，一齐蒸熟，也没甚么亲人，也不去请客，自家关了门，教小的们唱唱舞舞，我坐在上面，自自在在，吃他娘不是！,yes,1,0,1,0,1,0,唐僧 ||| 孙大圣,唐僧 ||| 他 ||| 莫成我也怕他,B复现唐僧及“他”等核心对象，并围绕是否护他、怕他作反驳性回应。,,ai_assisted_unreviewed,0,,,,,,,,,,,,ai_assisted_unreviewed,0,,,,,,,,,,,,gold_candidate_v3_carried_from_v2,0,,,,,,,,,,,,0,,frozen_gold_v1,formal_300_v1_gold_candidate_v3,2026-06-21
F300V1-0199,2734372,文本对话,老乞大,乙,有甚麽难处？刷了锅着，烧的锅热时，着上半盏香油。将油熟了时，下上肉，着些盐，着箸子搅动。炒的半熟时，调上些酱水、生葱、料物拌了，锅子上盖覆了，休着出气，烧动火，一霎儿熟了。,甲,这肉熟了，你尝看咸淡如何？,yes,1,0,1,0,0,0,肉 ||| 熟了,肉熟了 ||| 咸淡如何,B复现“肉/熟”，并把A的烹调步骤推进为尝咸淡的后续动作。,,ai_assisted_unreviewed,0,,,,,,,,,,,,ai_assisted_unreviewed,0,,,,,,,,,,,,gold_candidate_v3_carried_from_v2,0,,,,,,,,,,,,0,,frozen_gold_v1,formal_300_v1_gold_candidate_v3,2026-06-21
F300V1-0200,2961013,日常对话,douban-multiturn-100w,乙,欢迎回家哈哈哈,甲,还有70天我活天天儿给,uncertain,?,?,?,?,?,0,欢迎回家,还有70天,B可能是情绪性回应或错配文本，但B话轮语义残缺，无法稳定判断共鸣关系。,B话轮疑似残缺或错配，暂不强行判断。,top30_reviewed,1,low,B话轮残缺，可能是情绪回应或错配文本，无法稳定判断共鸣关系，保留uncertain。,uncertain,?,?,?,?,?,0,欢迎回家,还有70天,top30_reviewed,0,,,,,,,,,,,,gold_candidate_v3_carried_from_v2,0,,,,,,,,,,,,0,,frozen_gold_v1,formal_300_v1_gold_candidate_v3,2026-06-21
F300V1-0201,2713474,影视对白,subtitle-useless,,你能开大声点吗，霍夫曼先生,,为了保全人类文明我们必须做出困难的抉择,no,0,0,0,0,0,0,,,B转入人类文明抉择，未稳定回应A关于音量的请求。,,ai_assisted_unreviewed,0,,,,,,,,,,,,ai_assisted_unreviewed,0,,,,,,,,,,,,gold_candidate_v3_after_final_sanity,1,high,B转入“人类文明抉择”，未回应A关于音量的请求，属于话题错位，维持no。,no,0,0,0,0,0,0,,,0,,frozen_gold_v1,formal_300_v1_gold_candidate_v3,2026-06-21
F300V1-0202,2735884,文本对话,世说新语,王右军,故当共推安石。,刘尹,若安石东山志立，当与天下共推之。,yes,1,1,1,0,0,0,共推安石,安石 ||| 共推之,B复现“安石/共推”，并把A的共同推举转化为条件性评价，形成结构承接。,,ai_assisted_unreviewed,0,,,,,,,,,,,,ai_assisted_unreviewed,0,,,,,,,,,,,,gold_candidate_v3_carried_from_v2,0,,,,,,,,,,,,0,,frozen_gold_v1,formal_300_v1_gold_candidate_v3,2026-06-21
F300V1-0203,2696601,访谈语料,mfa_press,总台央视记者,习近平主席即将对韩国进行国事访问，能否介绍中方对发展中韩关系的期待？,郭嘉昆,中国和韩国是近邻和合作伙伴。中方重视中韩关系，对韩政策保持稳定性和连续性，此访是习近平主席时隔11年再次对韩国进行国事访问，也是李在明总统就任后中韩元首首次会晤。中方愿同韩方一道，坚守建交初心，坚持睦邻友好、互利共赢，推动中韩战略合作伙伴关系不断向前发展。,yes,1,0,1,0,0,0,中韩关系 ||| 期待,中韩关系 ||| 合作伙伴关系,B复现“中韩关系”议题，并围绕A询问的发展期待作展开回答。,,ai_assisted_unreviewed,0,,,,,,,,,,,,ai_assisted_unreviewed,0,,,,,,,,,,,,gold_candidate_v3_carried_from_v2,0,,,,,,,,,,,,0,,frozen_gold_v1,formal_300_v1_gold_candidate_v3,2026-06-21
F300V1-0204,2694237,访谈语料,china_live,人民日报记者,对于中国国民党主席郑丽文率团来大陆访问，台安全部门负责人称，两岸交流应该由台湾当局主导，不应该由党对党决定；大陆推出对台新举措可能是“介选”行为，希望影响岛内选举。请问对此有何评论？,张晗,民进党当局顽固坚持“台独”分裂立场，导致两岸对话协商停摆，还刻意抹黑攻击、打压岛内其他政党、团体和社会各界与大陆的正常交流交往。我们推出十项促进两岸交流合作的政策措施，岛内社会各界、广大台湾同胞都叫好、都支持，都想早蒙其利，只有民进党当局跳出来攻击、污蔑、反对。 这再次充分暴露了民进党当局图谋“台独”的真实面目，以及破坏两岸交流合作、损害民众福祉、与民众对着干的邪恶本性。,yes,1,0,1,0,1,0,两岸交流 ||| 对台新举措,两岸交流合作 ||| 政策措施 ||| 攻击、污蔑、反对,B承接A关于两岸交流和对台举措的提问，并对其中的指控作反驳性回应。,,ai_assisted_unreviewed,0,,,,,,,,,,,,ai_assisted_unreviewed,0,,,,,,,,,,,,gold_candidate_v3_carried_from_v2,0,,,,,,,,,,,,0,,frozen_gold_v1,formal_300_v1_gold_candidate_v3,2026-06-21
F300V1-0205,2730840,文本对话,朱子语类,问者,皇极,朱子,此是人君为治之心法。如周公一书，只是个八政而已,yes,0,0,1,0,0,0,皇极,人君为治之心法,B以“人君为治之心法”解释A提出的“皇极”概念，属于定义式选择性承接。,,ai_assisted_unreviewed,0,,,,,,,,,,,,ai_assisted_unreviewed,0,,,,,,,,,,,,gold_candidate_v3_after_final_sanity,1,high,B以“人君为治之心法”解释A提出的“皇极”概念，属于定义式选择性承接，维持yes。,yes,0,0,1,0,0,0,皇极,人君为治之心法,0,,frozen_gold_v1,formal_300_v1_gold_candidate_v3,2026-06-21
F300V1-0206,2722902,文本对话,骆驼祥子,老程,怎样？,祥子,该走了！,yes,0,0,1,0,0,0,怎样,该走了,B以行动建议填入A的“怎样”开放槽位，属于弱填槽型回应。,,ai_assisted_unreviewed,0,,,,,,,,,,,,ai_assisted_unreviewed,0,,,,,,,,,,,,gold_candidate_v3_carried_from_v2,0,,,,,,,,,,,,0,,frozen_gold_v1,formal_300_v1_gold_candidate_v3,2026-06-21
F300V1-0207,2718476,文本对话,平凡的世界,晓霞,“这家伙又胡说八道了！”,少平,“你怎敢这样说呢？”,yes,1,0,1,0,1,0,胡说八道 ||| 说,这样说,B用“这样说”指回A的评价性发话，并对其进行质疑，形成选择性承接和对比。,,ai_assisted_unreviewed,0,,,,,,,,,,,,ai_assisted_unreviewed,0,,,,,,,,,,,,gold_candidate_v3_carried_from_v2,0,,,,,,,,,,,,0,,frozen_gold_v1,formal_300_v1_gold_candidate_v3,2026-06-21
F300V1-0208,2735192,文本对话,朴通事,乙,我问你些字样。缝衣裳的“缝”字怎麽写？,甲,那的不容易，纽丝傍做“逢”字。,yes,0,1,1,0,0,0,怎麽写,纽丝傍做“逢”字,B以字形构成填入A的“怎么写”槽位，属于书写说明型填槽。,,ai_assisted_unreviewed,0,,,,,,,,,,,,ai_assisted_unreviewed,0,,,,,,,,,,,,gold_candidate_v3_carried_from_v2,0,,,,,,,,,,,,0,,frozen_gold_v1,formal_300_v1_gold_candidate_v3,2026-06-21
F300V1-0209,2734257,文本对话,论语,孔子,尊五美，屏四恶，斯可以从政矣,子张,何谓五美？,yes,1,0,1,0,0,0,五美,何谓五美,B复现“五美”，并将A列举的概念转化为追问对象。,,ai_assisted_unreviewed,0,,,,,,,,,,,,ai_assisted_unreviewed,0,,,,,,,,,,,,gold_candidate_v3_carried_from_v2,0,,,,,,,,,,,,0,,frozen_gold_v1,formal_300_v1_gold_candidate_v3,2026-06-21
F300V1-0210,2702503,文本对话,水浒传,杨雄,我昨夜梦见神人叫我，说有旧愿不曾还得。向日许下东门外岳庙里那炷香愿，未曾还得。今日我闲些，要去还了。须和你同去。,那妇人,你便自去还了罢，要我去何用？,yes,1,0,1,0,1,0,去还了 ||| 同去,自去还了罢 ||| 要我去何用,B复现“去/还”相关行动，并拒绝A要求同去的安排，形成对比回应。,,ai_assisted_unreviewed,0,,,,,,,,,,,,ai_assisted_unreviewed,0,,,,,,,,,,,,gold_candidate_v3_carried_from_v2,0,,,,,,,,,,,,0,,frozen_gold_v1,formal_300_v1_gold_candidate_v3,2026-06-21
F300V1-0211,2743169,影视对白,subtitle-useless,,这意味着让其中一人抛弃朋友,,是这样吗?,yes,0,0,1,0,0,0,抛弃朋友,是这样吗,B用“这样”指回A中的命题，并请求确认，属于弱选择性承接。,,ai_assisted_unreviewed,0,,,,,,,,,,,,round2_reviewed,1,medium,B用“这样”指回A中的命题并请求确认，属于弱指示性承接，保留yes。,yes,0,0,1,0,0,0,抛弃朋友,是这样吗,gold_candidate_v3_carried_from_v2,0,,,,,,,,,,,,0,,frozen_gold_v1,formal_300_v1_gold_candidate_v3,2026-06-21
F300V1-0212,2693639,日常对话,青云语料,问,唐杰不爱我了,答,傻瓜不会的啦,yes,0,0,1,0,1,0,不爱我了,不会的啦,B直接否定A关于“不爱我”的判断，形成选择性承接和对比。,,ai_assisted_unreviewed,0,,,,,,,,,,,,round2_reviewed,1,high,B直接否定A关于“不爱我”的判断，形成选择性承接和对比，保留yes。,yes,0,0,1,0,1,0,不爱我了,不会的啦,gold_candidate_v3_carried_from_v2,0,,,,,,,,,,,,0,,frozen_gold_v1,formal_300_v1_gold_candidate_v3,2026-06-21
F300V1-0213,2733042,文本对话,朱子语类,问者,此某知之有未尽，不意伯丰能如此,朱子,朝以十月，车服黄屋左纛,no,0,0,0,0,0,0,,,B转入典章服饰内容，与A对伯丰理解能力的评价缺少稳定映射。,,ai_assisted_unreviewed,0,,,,,,,,,,,,ai_assisted_unreviewed,0,,,,,,,,,,,,gold_candidate_v3_carried_from_v2,0,,,,,,,,,,,,0,,frozen_gold_v1,formal_300_v1_gold_candidate_v3,2026-06-21
F300V1-0214,2785425,网络回帖,贴吧回帖,上文,真.破车迷,回帖,买了路易斯阿，还是孔帝不行,yes,0,0,1,0,0,0,破车迷,路易斯 ||| 孔帝,B围绕A中的“破车迷”所指球队语境继续评价引援和教练，属于语义选择性承接。,,ai_assisted_unreviewed,0,,,,,,,,,,,,ai_assisted_unreviewed,0,,,,,,,,,,,,gold_candidate_v3_after_final_sanity,1,medium,B围绕A中的“破车迷”所指球队语境继续评价引援和教练，属于隐性语义承接，维持yes。,yes,0,0,1,0,0,0,破车迷,路易斯 ||| 孔帝,0,,frozen_gold_v1,formal_300_v1_gold_candidate_v3,2026-06-21
F300V1-0215,2694027,访谈语料,china_interview,主持人,这是最根本的一个变化。,黄平,这是制度层面。第二，在经济发展层面，实际上香港的经济发展，无论是人均GDP、人均收入，还是世界影响力、各种排名，这２０年香港在世界上都是提高的。回归以前英方，包括西方也担心回归了以后反而要降低，实际上这２０年是一直走在世界的前列。 第三，从和祖国内地的联系方面，我们实际上是第一个实行“一国两制”，在世界上也是开创性的。,yes,1,0,1,0,0,0,这是最根本的一个变化,这是制度层面,B复现“这是”承接A的变化判断，并继续展开制度层面的说明。,,ai_assisted_unreviewed,0,,,,,,,,,,,,ai_assisted_unreviewed,0,,,,,,,,,,,,gold_candidate_v3_after_final_sanity,1,high,B复现“这是”并承接A的“变化”判断，继续展开制度层面说明，维持yes。,yes,1,0,1,0,0,0,这是最根本的一个变化,这是制度层面,0,,frozen_gold_v1,formal_300_v1_gold_candidate_v3,2026-06-21
F300V1-0216,2951012,日常对话,douban-multiturn-100w,甲,走起来呗三姐,乙,8月份正好暑假有机会的话就一起,yes,0,0,1,0,0,0,走起来,一起,B承接A提出的出行邀请，并给出暑假一起行动的可能性。,,ai_assisted_unreviewed,0,,,,,,,,,,,,ai_assisted_unreviewed,0,,,,,,,,,,,,gold_candidate_v3_carried_from_v2,0,,,,,,,,,,,,0,,frozen_gold_v1,formal_300_v1_gold_candidate_v3,2026-06-21
F300V1-0217,2734305,文本对话,老乞大,乙,汉儿、高丽中半。,甲,里头也有顽的麽？,yes,0,0,1,0,0,0,汉儿、高丽中半,里头,B用“里头”指回A中的汉儿和高丽人群体，并继续追问其中是否有人会玩。,,ai_assisted_unreviewed,0,,,,,,,,,,,,ai_assisted_unreviewed,0,,,,,,,,,,,,gold_candidate_v3_carried_from_v2,0,,,,,,,,,,,,0,,frozen_gold_v1,formal_300_v1_gold_candidate_v3,2026-06-21
F300V1-0218,2694986,访谈语料,mfa_press,林剑,中方一贯主张，各国在发展同太平洋岛国关系时，应该秉持“三个坚持”，要坚持岛国自主、坚持发展为先、坚持开放包容。任何国家都不应该将岛国当作自己的“后院”。希望有关方能切实尊重岛国独立和主权完整，不干涉岛国内政。,《中国日报》记者,据报道，美国防部日前宣布将1名囚犯从关塔那摩监狱遣返，目前仍有29名被拘留者在押关塔那摩监狱。外界评称，近年来，美国历届政府曾多次承诺关闭关塔那摩监狱，但时至今日仍未兑现承诺。尽管古巴政府曾多次抗议，美国仍非法占领关塔那摩部分领土超过120年。发言人对此有何评论？,no,0,0,0,0,0,0,,,B提出关塔那摩监狱问题，与A关于太平洋岛国的答复无相邻共鸣关系。,,ai_assisted_unreviewed,0,,,,,,,,,,,,ai_assisted_unreviewed,0,,,,,,,,,,,,gold_candidate_v3_carried_from_v2,0,,,,,,,,,,,,0,,frozen_gold_v1,formal_300_v1_gold_candidate_v3,2026-06-21
F300V1-0219,2735511,文本对话,世说新语,某人,或语令卖去,庾公,卖之必有买者，即当害其主。宁可不安己而移于他人哉？昔孙叔敖杀两头蛇以为后人，古之美谈，效之，不亦达乎！,yes,1,0,1,0,1,0,卖去,卖之必有买者 ||| 宁可不安己而移于他人哉,B复现“卖”，并反驳卖去的建议，说明其会转害他人。,,ai_assisted_unreviewed,0,,,,,,,,,,,,ai_assisted_unreviewed,0,,,,,,,,,,,,gold_candidate_v3_carried_from_v2,0,,,,,,,,,,,,0,,frozen_gold_v1,formal_300_v1_gold_candidate_v3,2026-06-21
F300V1-0220,2733787,文本对话,孟子,大夫,此非距心之所得为也,孟子,今有受人之牛羊而为之牧之者，则必为之求牧与刍矣。求牧与刍而不得，则反诸其人乎？抑亦立而视其死与？,yes,0,0,1,0,0,1,此非距心之所得为也,今有受人之牛羊而为之牧之者,B以牧牛羊的设喻回应A的判断，属于类比式选择性承接。,,ai_assisted_unreviewed,0,,,,,,,,,,,,ai_assisted_unreviewed,0,,,,,,,,,,,,gold_candidate_v3_carried_from_v2,0,,,,,,,,,,,,0,,frozen_gold_v1,formal_300_v1_gold_candidate_v3,2026-06-21
F300V1-0221,2688875,文本对话,红楼梦,林之孝,奴才该死，求老爷开恩。,贾政,交给琏二爷算明了来回。,no,0,0,0,0,0,0,,,B只是作出事务处理命令，未复用A的求饶结构或核心表达。,,ai_assisted_unreviewed,0,,,,,,,,,,,,ai_assisted_unreviewed,0,,,,,,,,,,,,gold_candidate_v3_carried_from_v2,0,,,,,,,,,,,,0,,frozen_gold_v1,formal_300_v1_gold_candidate_v3,2026-06-21
F300V1-0222,2993800,日常对话,chatterbot,,是的.,,它是什么样的?,uncertain,0,0,?,0,0,0,是的,它是什么样的,B用“它”追问前文对象，但A仅为“是的”，缺少可判定的指称来源。,A话轮信息不足，无法稳定确认“它”指向的对象。,top30_reviewed,1,low,B用“它”追问前文对象，但A仅为“是的”，指称来源缺失，保留uncertain。,uncertain,0,0,?,0,0,0,是的,它,top30_reviewed,0,,,,,,,,,,,,gold_candidate_v3_carried_from_v2,0,,,,,,,,,,,,0,,frozen_gold_v1,formal_300_v1_gold_candidate_v3,2026-06-21
F300V1-0223,2734218,文本对话,论语,子路,君子,孔子,修己以敬,yes,0,0,1,0,0,0,君子,修己以敬,B以“修己以敬”解释A提出的“君子”概念，属于定义式选择性承接。,,ai_assisted_unreviewed,0,,,,,,,,,,,,ai_assisted_unreviewed,0,,,,,,,,,,,,gold_candidate_v3_carried_from_v2,0,,,,,,,,,,,,0,,frozen_gold_v1,formal_300_v1_gold_candidate_v3,2026-06-21
F300V1-0224,2724233,文本对话,清平山堂话本,卓文君,妾早知先生如此辽阔，不来冒渎。今先生视妾有私奔之心，故乃轻言。琴中之意，妾已备知。,司马相如,小生得见花颜，死也甘心。,yes,0,0,1,0,0,0,琴中之意 ||| 有私奔之心,得见花颜,B回应A关于情意和私心的陈述，以“得见花颜”表明自己的情意立场。,,ai_assisted_unreviewed,0,,,,,,,,,,,,ai_assisted_unreviewed,0,,,,,,,,,,,,gold_candidate_v3_carried_from_v2,0,,,,,,,,,,,,0,,frozen_gold_v1,formal_300_v1_gold_candidate_v3,2026-06-21
F300V1-0225,2748938,日常对话,qingyun-11w,问,打电话让他消失,答,很多次哇,uncertain,0,0,?,0,0,0,打电话让他消失,很多次哇,B可能回应A的行为建议，但短答缺少明确对象和结构关系，难以稳定判断。,短答依赖上下文，无法确认“很多次”具体承接何事。,top30_reviewed,1,low,B可能回应A的行为建议，但“很多次”缺少明确承接对象，保留uncertain。,uncertain,0,0,?,0,0,0,打电话让他消失,很多次哇,top30_reviewed,0,,,,,,,,,,,,gold_candidate_v3_carried_from_v2,0,,,,,,,,,,,,0,,frozen_gold_v1,formal_300_v1_gold_candidate_v3,2026-06-21
F300V1-0226,2703501,文本对话,水浒传,李逵,这个乞丐道人却鸟躲在那里！我若见时，脑揪将去见哥哥！,戴宗,你又来了！若不听我的言语，我又教你吃苦！,yes,0,0,1,1,1,0,脑揪将去见哥哥,你又来了 ||| 若不听我的言语,B针对A的冲动行动进行制止和警告，形成修正性回应和对比。,,ai_assisted_unreviewed,0,,,,,,,,,,,,ai_assisted_unreviewed,0,,,,,,,,,,,,gold_candidate_v3_carried_from_v2,0,,,,,,,,,,,,0,,frozen_gold_v1,formal_300_v1_gold_candidate_v3,2026-06-21
F300V1-0227,2678316,文本对话,雷雨,周冲,没有吧，我在她的门上敲了半天，她的门锁着。是的，那也许。爸，我走了。,周朴园,冲儿，不要走。,yes,1,0,1,0,1,0,我走了,不要走,B复现“走”，并直接否定A的离开意向。,,ai_assisted_unreviewed,0,,,,,,,,,,,,ai_assisted_unreviewed,0,,,,,,,,,,,,gold_candidate_v3_carried_from_v2,0,,,,,,,,,,,,0,,frozen_gold_v1,formal_300_v1_gold_candidate_v3,2026-06-21
F300V1-0228,2723437,文本对话,唐传奇,众神,是西汉鄱县王吴芮。今刺史宅，是芮昔时所居。至今犹恃雄豪，侵占土地，往往肆其暴虐，人无奈何。,田先生,即追来！,yes,0,0,1,0,0,0,吴芮 ||| 肆其暴虐,即追来,B承接A关于吴芮暴虐的说明，立即提出追捕行动。,,ai_assisted_unreviewed,0,,,,,,,,,,,,ai_assisted_unreviewed,0,,,,,,,,,,,,gold_candidate_v3_carried_from_v2,0,,,,,,,,,,,,0,,frozen_gold_v1,formal_300_v1_gold_candidate_v3,2026-06-21
F300V1-0229,2734922,文本对话,朴通事,甲,一个长大汉撒大鞋，白日去，黑夜来。,乙,这个是灯台。,yes,0,0,1,0,0,0,一个长大汉撒大鞋，白日去，黑夜来,灯台,B以“灯台”填入A的谜面答案，属于谜语问答式填槽。,,ai_assisted_unreviewed,0,,,,,,,,,,,,ai_assisted_unreviewed,0,,,,,,,,,,,,gold_candidate_v3_carried_from_v2,0,,,,,,,,,,,,0,,frozen_gold_v1,formal_300_v1_gold_candidate_v3,2026-06-21
F300V1-0230,2722009,文本对话,平凡的世界,孙少安,三千。,贺秀莲,还得另转借一千块……,yes,0,0,1,0,0,0,三千,一千块,B承接A给出的“三千”金额，并提出还需另借一千。,,ai_assisted_unreviewed,0,,,,,,,,,,,,ai_assisted_unreviewed,0,,,,,,,,,,,,gold_candidate_v3_carried_from_v2,0,,,,,,,,,,,,0,,frozen_gold_v1,formal_300_v1_gold_candidate_v3,2026-06-21
F300V1-0231,2714006,文本对话,西游记,妖王,物虽微贱，却要用心收藏，切不可摇幌着他。,娘娘,我晓得。安在这妆台之上，无人摇动。,yes,1,0,1,0,0,0,用心收藏 ||| 切不可摇幌着他,我晓得 ||| 无人摇动,B承接A的收藏和不可摇动要求，并表示会安置妥当。,,ai_assisted_unreviewed,0,,,,,,,,,,,,ai_assisted_unreviewed,0,,,,,,,,,,,,gold_candidate_v3_carried_from_v2,0,,,,,,,,,,,,0,,frozen_gold_v1,formal_300_v1_gold_candidate_v3,2026-06-21
F300V1-0232,2722565,文本对话,骆驼祥子,铺主,听听声儿吧，铃铛似的！拉去吧，你就是把车拉碎了，要是钢条软了一根，你拿回来，把它摔在我脸上！一百块，少一分咱们吹！,祥子,我要这辆车，九十六！,yes,0,0,1,0,1,0,一百块,九十六,B围绕A提出的车价进行还价，形成选择性承接和价格对比。,,ai_assisted_unreviewed,0,,,,,,,,,,,,ai_assisted_unreviewed,0,,,,,,,,,,,,gold_candidate_v3_carried_from_v2,0,,,,,,,,,,,,0,,frozen_gold_v1,formal_300_v1_gold_candidate_v3,2026-06-21
F300V1-0233,2751354,日常对话,chatterbot-1k,,你是至关重要的,,我可能把别人跌逾我应该。,uncertain,?,?,?,?,?,0,你是至关重要的,我可能把别人跌逾我应该,B话轮疑似机器生成错配，难以建立稳定的跨话轮关系。,语料不连贯或错配，无法稳定判断。,top30_reviewed,1,low,B话轮疑似机器生成错配，语义不连贯，保留uncertain。,uncertain,?,?,?,?,?,0,你是至关重要的,我可能把别人跌逾我应该,top30_reviewed,0,,,,,,,,,,,,gold_candidate_v3_carried_from_v2,0,,,,,,,,,,,,0,,frozen_gold_v1,formal_300_v1_gold_candidate_v3,2026-06-21
F300V1-0234,2753660,网络回帖,tieba-305w,上帖,呵呵只要格子去英超，除曼联外的其他俱乐部不会有一点竞争力,回帖,请小贝去勾搭吧，肯定来,yes,0,0,1,0,0,0,格子去英超,肯定来,B承接A关于格子去英超的设想，提出请小贝招揽的后续方案。,,ai_assisted_unreviewed,0,,,,,,,,,,,,ai_assisted_unreviewed,0,,,,,,,,,,,,gold_candidate_v3_carried_from_v2,0,,,,,,,,,,,,0,,frozen_gold_v1,formal_300_v1_gold_candidate_v3,2026-06-21
F300V1-0235,3041751,影视对白,subtitle-useless,,恐怕为时已晚了乔纳斯,,你已经打草惊蛇了,yes,0,0,1,0,0,0,为时已晚,打草惊蛇,B用“打草惊蛇”解释A所说“为时已晚”的原因或后果。,,ai_assisted_unreviewed,0,,,,,,,,,,,,round2_reviewed,1,high,B用“打草惊蛇”解释A所说“为时已晚”的原因或后果，语义承接明确，保留yes。,yes,0,0,1,0,0,0,为时已晚,打草惊蛇,gold_candidate_v3_carried_from_v2,0,,,,,,,,,,,,0,,frozen_gold_v1,formal_300_v1_gold_candidate_v3,2026-06-21
F300V1-0236,2751275,日常对话,青云语料,问,天蝎座，,答,未获取到相关信息,no,0,0,0,0,0,0,,,B是系统式未检索到信息的回复，不构成可分析的对话句法共鸣。,,ai_assisted_unreviewed,0,,,,,,,,,,,,ai_assisted_unreviewed,0,,,,,,,,,,,,gold_candidate_v3_carried_from_v2,0,,,,,,,,,,,,0,,frozen_gold_v1,formal_300_v1_gold_candidate_v3,2026-06-21
F300V1-0237,2728842,文本对话,朱子语类,问者,『非其君不仕，非其民不使』；『治亦进，乱亦进，不羞污君，不辞小官』，气象可谓已甚矣，而目之曰圣人之清、和，似颇难会,朱子,虽是圣，终有过当处,yes,1,0,1,0,1,0,圣人之清、和,虽是圣 ||| 过当处,B复现“圣”，并对A提出的圣人评价作限定和修正。,,ai_assisted_unreviewed,0,,,,,,,,,,,,ai_assisted_unreviewed,0,,,,,,,,,,,,gold_candidate_v3_carried_from_v2,0,,,,,,,,,,,,0,,frozen_gold_v1,formal_300_v1_gold_candidate_v3,2026-06-21
F300V1-0238,2754833,网络回帖,贴吧回帖,上文,参考 呆湾就不会有温格了,回帖,改成白色恐怖么,yes,1,0,1,0,0,1,参考 呆湾,白色恐怖,B承接A的台湾参照框架，转向“白色恐怖”这一历史类比对象。,,ai_assisted_unreviewed,0,,,,,,,,,,,,round2_reviewed,1,high,B承接A的台湾参照框架，并转向“白色恐怖”这一历史类比对象，保留yes和analogy_candidate。,yes,1,0,1,0,0,1,参考 呆湾,白色恐怖,gold_candidate_v3_carried_from_v2,0,,,,,,,,,,,,0,,frozen_gold_v1,formal_300_v1_gold_candidate_v3,2026-06-21
F300V1-0239,2693906,访谈语料,china_interview,主持人,每个流程都要排队。,滕建荣,对，我们顺应群众的呼声，自我加压，让医生来承担，提前为患者服务的诊间结算的功能。这样一来，医生开了单子以后，马上可以在医生的诊间收费，就是我们说的直接结算。 第二，我们现在已经做到了B超预约，你用不着再到B超室和CT室去预约，在医生的信息平台上，我们把资源都整合到直接为患者服务的医生手里，医生就可以根据您的要求，选择比如说统一的明天下午好不好？你说好，那就很潇洒地OK，那你就走了。,yes,0,0,1,0,0,0,每个流程都要排队,诊间结算 ||| B超预约,B承接A关于流程排队的问题，说明诊间结算和预约整合等解决措施。,,ai_assisted_unreviewed,0,,,,,,,,,,,,ai_assisted_unreviewed,0,,,,,,,,,,,,gold_candidate_v3_carried_from_v2,0,,,,,,,,,,,,0,,frozen_gold_v1,formal_300_v1_gold_candidate_v3,2026-06-21
F300V1-0240,2888064,日常对话,douban-multiturn-100w,甲,具体参见url n251623384shtml,乙,果断试啊酒酿蛋真心不好喝坚持不下去,no,0,0,0,0,0,0,,,B转入酒酿蛋体验，与A提供URL之间缺少稳定的复现或结构承接。,,ai_assisted_unreviewed,0,,,,,,,,,,,,ai_assisted_unreviewed,0,,,,,,,,,,,,gold_candidate_v3_carried_from_v2,0,,,,,,,,,,,,0,,frozen_gold_v1,formal_300_v1_gold_candidate_v3,2026-06-21
F300V1-0241,2734667,文本对话,老乞大,乙,你身材大的人，一托比别人争多。,甲,这缎子地头是那里的？,no,0,0,0,0,0,0,,,B转问缎子产地，与A关于身材和布料多少的说明缺少稳定映射。,,ai_assisted_unreviewed,0,,,,,,,,,,,,ai_assisted_unreviewed,0,,,,,,,,,,,,gold_candidate_v3_carried_from_v2,0,,,,,,,,,,,,0,,frozen_gold_v1,formal_300_v1_gold_candidate_v3,2026-06-21
F300V1-0242,2694637,访谈语料,mfa_press,林剑,应俄罗斯联邦总统普京邀请，习近平主席于10月22日至24日赴俄罗斯喀山出席金砖国家领导人第十六次会晤，届时中俄元首将有交流会晤的机会，就双边关系及国际、地区问题深入交换意见。,《北京青年报》记者,近期法国欧洲新闻电视台、美国《旅行和旅游世界》、新加坡《联合早报》等媒体评论称，近年来中国采取一系列免签政策，实行数字支付协助服务、健全双语设施和快捷交通系统等便利措施，极大方便了外国游客的中国行，外国游客也纷纷涌向中国。发言人对此有何评论？,no,0,0,0,0,0,0,,,B提出外国游客来华便利问题，与A关于金砖会晤的答复无相邻共鸣关系。,,ai_assisted_unreviewed,0,,,,,,,,,,,,ai_assisted_unreviewed,0,,,,,,,,,,,,gold_candidate_v3_carried_from_v2,0,,,,,,,,,,,,0,,frozen_gold_v1,formal_300_v1_gold_candidate_v3,2026-06-21
F300V1-0243,2735983,文本对话,世说新语,刘长沙,卿才乃当不胜苟子，然会名处多。,王中郎,痴！,no,0,0,0,0,0,0,,,B只是以“痴”作情绪性评价，缺少可定位的复现、填槽或结构映射。,,ai_assisted_unreviewed,0,,,,,,,,,,,,ai_assisted_unreviewed,0,,,,,,,,,,,,gold_candidate_v3_carried_from_v2,0,,,,,,,,,,,,0,,frozen_gold_v1,formal_300_v1_gold_candidate_v3,2026-06-21
F300V1-0244,2734050,文本对话,孟子,孟子,善人也，信人也,浩生不害,何谓善？何谓信？,yes,1,1,1,0,0,0,善人也，信人也,何谓善？何谓信？,B复现“善/信”，并将A的两个判断分别转化为解释请求。,,ai_assisted_unreviewed,0,,,,,,,,,,,,ai_assisted_unreviewed,0,,,,,,,,,,,,gold_candidate_v3_carried_from_v2,0,,,,,,,,,,,,0,,frozen_gold_v1,formal_300_v1_gold_candidate_v3,2026-06-21
F300V1-0245,2691938,文本对话,红楼梦,袭人,明日为始，一天写一百字才好。,贾母,以后只管写字念书，不用出来也使得。你去回你太太知道。,yes,1,0,1,0,0,0,一天写一百字,写字念书,B复现“写”相关学习安排，并把A的写字要求扩展为读写计划。,,ai_assisted_unreviewed,0,,,,,,,,,,,,ai_assisted_unreviewed,0,,,,,,,,,,,,gold_candidate_v3_carried_from_v2,0,,,,,,,,,,,,0,,frozen_gold_v1,formal_300_v1_gold_candidate_v3,2026-06-21
F300V1-0246,3066973,日常对话,chatterbot,,你永远不会好,,"我试着尽可能好,我可以。",yes,1,0,1,0,1,0,不会好,尽可能好,B复现“好”，并把A的否定评价转化为自我努力说明。,,ai_assisted_unreviewed,0,,,,,,,,,,,,ai_assisted_unreviewed,0,,,,,,,,,,,,gold_candidate_v3_carried_from_v2,0,,,,,,,,,,,,0,,frozen_gold_v1,formal_300_v1_gold_candidate_v3,2026-06-21
F300V1-0247,2734109,文本对话,论语,孔子,忠矣！,子张,仁矣乎？,yes,0,1,1,0,0,0,忠矣,仁矣乎,B以同类德目判断格式承接A的“忠”，继续追问是否可称为“仁”。,,ai_assisted_unreviewed,0,,,,,,,,,,,,ai_assisted_unreviewed,0,,,,,,,,,,,,gold_candidate_v3_carried_from_v2,0,,,,,,,,,,,,0,,frozen_gold_v1,formal_300_v1_gold_candidate_v3,2026-06-21
F300V1-0248,2724637,文本对话,清平山堂话本,,【母】：巨卿何人也？,张劭,张劭备述详细。,no,0,0,0,0,0,0,,,B只是叙述张劭详细说明，未呈现对A“何人”问题的具体填槽内容。,,ai_assisted_unreviewed,0,,,,,,,,,,,,ai_assisted_unreviewed,0,,,,,,,,,,,,gold_candidate_v3_carried_from_v2,0,,,,,,,,,,,,0,,frozen_gold_v1,formal_300_v1_gold_candidate_v3,2026-06-21
F300V1-0249,3085954,日常对话,qingyun-11w,问,的反义词,答,反弹,uncertain,0,0,?,0,0,0,的反义词,反弹,A缺少被询问词，B虽像回答反义词但无法确认承接对象。,A话轮残缺，无法判断“反弹”是否为有效填槽。,top30_reviewed,1,low,A缺少被询问词，B虽像回答反义词，但无法确认“反弹”是否为有效填槽，保留uncertain。,uncertain,0,0,?,0,0,0,的反义词,反弹,top30_reviewed,0,,,,,,,,,,,,gold_candidate_v3_carried_from_v2,0,,,,,,,,,,,,0,,frozen_gold_v1,formal_300_v1_gold_candidate_v3,2026-06-21
F300V1-0250,2705383,文本对话,水浒传,燕青,大哥莫要造次，定没这事。,李逵,他在东京兀自去李师师家去，到这里怕不做出来！,yes,0,0,1,0,1,0,定没这事,怕不做出来,B针对A的否认作反向推断，坚持事情可能发生，形成选择性承接和对比。,,ai_assisted_unreviewed,0,,,,,,,,,,,,ai_assisted_unreviewed,0,,,,,,,,,,,,gold_candidate_v3_carried_from_v2,0,,,,,,,,,,,,0,,frozen_gold_v1,formal_300_v1_gold_candidate_v3,2026-06-21
F300V1-0251,2677873,文本对话,雷雨,鲁四凤,他又把前一个月的话跟我提了。,周萍,他说，他要你？,yes,1,0,1,0,0,0,话 ||| 跟我提了,他说，他要你,B复现“说/提话”的发话框架，并追问前一个月话语的具体内容。,,ai_assisted_unreviewed,0,,,,,,,,,,,,ai_assisted_unreviewed,0,,,,,,,,,,,,gold_candidate_v3_carried_from_v2,0,,,,,,,,,,,,0,,frozen_gold_v1,formal_300_v1_gold_candidate_v3,2026-06-21
F300V1-0252,2723327,文本对话,唐传奇,下邳令,知其事，又切请广画,廉广,余偶夜遇一神灵，传得画法，每不敢下笔，其如往往为妖，幸察之。,yes,1,0,1,0,0,0,请广画,画法 ||| 下笔,B复现“画”，并解释自己作画能力的来源与限制。,,ai_assisted_unreviewed,0,,,,,,,,,,,,ai_assisted_unreviewed,0,,,,,,,,,,,,gold_candidate_v3_carried_from_v2,0,,,,,,,,,,,,0,,frozen_gold_v1,formal_300_v1_gold_candidate_v3,2026-06-21
F300V1-0253,2735118,文本对话,朴通事,甲,我赶着一百疋马，大前日来了。,乙,马们都好将来也麽？,yes,1,0,1,0,0,0,一百疋马,马们,B复现“马”，并追问A带来的马匹是否都好。,,ai_assisted_unreviewed,0,,,,,,,,,,,,ai_assisted_unreviewed,0,,,,,,,,,,,,gold_candidate_v3_carried_from_v2,0,,,,,,,,,,,,0,,frozen_gold_v1,formal_300_v1_gold_candidate_v3,2026-06-21
F300V1-0254,2718266,文本对话,平凡的世界,金波,我想把顾养民捶一捶！,少平,打了他，说不定学校会把咱们开除了……你不要动手。由我出面！,yes,0,0,1,1,1,0,捶一捶,不要动手 ||| 由我出面,B承接A想打人的意图，并明确制止、改由自己处理，形成修正和对比。,,ai_assisted_unreviewed,0,,,,,,,,,,,,ai_assisted_unreviewed,0,,,,,,,,,,,,gold_candidate_v3_carried_from_v2,0,,,,,,,,,,,,0,,frozen_gold_v1,formal_300_v1_gold_candidate_v3,2026-06-21
F300V1-0255,2708589,文本对话,西游记,老妖,认你父王。我是他驸马，他是我丈人，怎么不去认认？,公主,你去不得。,yes,0,0,1,0,1,0,怎么不去认认,你去不得,B直接否定A提出的认亲行动，形成选择性承接和对比。,,ai_assisted_unreviewed,0,,,,,,,,,,,,ai_assisted_unreviewed,0,,,,,,,,,,,,gold_candidate_v3_carried_from_v2,0,,,,,,,,,,,,0,,frozen_gold_v1,formal_300_v1_gold_candidate_v3,2026-06-21
F300V1-0256,2723031,文本对话,骆驼祥子,祥子,“我不能闲着！”,虎妞,“你不会找老头子去？”,yes,0,0,1,0,0,0,不能闲着,找老头子去,B承接A不能闲着的理由，提出去找老头子的行动建议。,,ai_assisted_unreviewed,0,,,,,,,,,,,,ai_assisted_unreviewed,0,,,,,,,,,,,,gold_candidate_v3_carried_from_v2,0,,,,,,,,,,,,0,,frozen_gold_v1,formal_300_v1_gold_candidate_v3,2026-06-21
F300V1-0257,2751213,日常对话,chatterbot-1k,,玩笑,,"你什么时候穿过蟾蜍和星系,你得到了什么？",uncertain,?,?,?,?,?,0,玩笑,蟾蜍和星系,B话轮语义混乱，无法稳定判断是否承接A的“玩笑”。,语料疑似错配或机器生成残句，暂不强行判断。,top30_reviewed,1,low,B语义混乱，无法稳定判断是否承接A的“玩笑”，保留uncertain。,uncertain,?,?,?,?,?,0,玩笑,蟾蜍和星系,top30_reviewed,0,,,,,,,,,,,,gold_candidate_v3_carried_from_v2,0,,,,,,,,,,,,0,,frozen_gold_v1,formal_300_v1_gold_candidate_v3,2026-06-21
F300V1-0258,2752506,网络回帖,tieba-305w,上帖,搞得自己是亚洲人大代表一样 下月开会 通知这老哥没有,回帖,这两个国家，把扩张主义当成国策的叫做日本，把恐怖主义当成国策的叫做阿富汗？,no,0,0,0,0,0,0,,,B转入国家扩张主义和恐怖主义分类，与A关于亚洲人大代表的讽刺缺少稳定映射。,,ai_assisted_unreviewed,0,,,,,,,,,,,,ai_assisted_unreviewed,0,,,,,,,,,,,,gold_candidate_v3_carried_from_v2,0,,,,,,,,,,,,0,,frozen_gold_v1,formal_300_v1_gold_candidate_v3,2026-06-21
F300V1-0259,2757085,影视对白,subtitle-useless,,我至少出力让议会选你为王,,给我们一个马其顿的继承人吧,yes,0,0,1,0,0,0,选你为王,马其顿的继承人,B承接A关于王位合法性的说法，提出继承人这一后续政治要求。,,ai_assisted_unreviewed,0,,,,,,,,,,,,ai_assisted_unreviewed,0,,,,,,,,,,,,gold_candidate_v3_carried_from_v2,0,,,,,,,,,,,,0,,frozen_gold_v1,formal_300_v1_gold_candidate_v3,2026-06-21
F300V1-0260,2725898,日常对话,青云语料,问,貌似喜欢男人,答,嘿嘿，还好菲菲是个女生，不然菲菲这么可爱，肯定会被你缠上的,yes,1,0,1,0,1,0,喜欢男人,女生 ||| 不然,B承接A关于喜欢男性的判断，并以菲菲是女生作反向调侃。,,ai_assisted_unreviewed,0,,,,,,,,,,,,ai_assisted_unreviewed,0,,,,,,,,,,,,gold_candidate_v3_carried_from_v2,0,,,,,,,,,,,,0,,frozen_gold_v1,formal_300_v1_gold_candidate_v3,2026-06-21
F300V1-0261,2733378,文本对话,朱子语类,先生,某人如何？,门人,也靠不得,yes,0,0,1,0,0,0,如何,也靠不得,B用“也靠不得”填入A对某人的“如何”评价槽位，属于弱填槽型回应。,,ai_assisted_unreviewed,0,,,,,,,,,,,,ai_assisted_unreviewed,0,,,,,,,,,,,,gold_candidate_v3_carried_from_v2,0,,,,,,,,,,,,0,,frozen_gold_v1,formal_300_v1_gold_candidate_v3,2026-06-21
F300V1-0262,2751942,网络回帖,贴吧回帖,上文,曼联加油···,回帖,【懂球直播】免费高清,no,0,0,0,0,0,0,,,B像直播广告或无关链接，与A的“曼联加油”缺少稳定回应关系。,,ai_assisted_unreviewed,0,,,,,,,,,,,,ai_assisted_unreviewed,0,,,,,,,,,,,,gold_candidate_v3_carried_from_v2,0,,,,,,,,,,,,0,,frozen_gold_v1,formal_300_v1_gold_candidate_v3,2026-06-21
F300V1-0263,2889358,日常对话,douban-multiturn-100w,甲,那很好还真是没体会过这种经历,乙,就因为这个人弄得我对水瓶男生的印象都坏了我之前很喜欢水瓶座的人这人分手之后太不可理喻,yes,0,0,1,0,0,0,这种经历,这个人,B用“这个人”的经历解释A说的“这种经历”，属于语义选择性承接。,,ai_assisted_unreviewed,0,,,,,,,,,,,,round2_reviewed,1,medium,B用“这个人”的经历解释A提到的“这种经历”，属于指示性语义承接，保留yes。,yes,0,0,1,0,0,0,这种经历,这个人,gold_candidate_v3_carried_from_v2,0,,,,,,,,,,,,0,,frozen_gold_v1,formal_300_v1_gold_candidate_v3,2026-06-21
F300V1-0264,2694721,访谈语料,mfa_press,毛宁,中方谴责针对外交机构的袭击行为，呼吁按照《维也纳外交关系公约》规定确保外交馆舍安全。,《中国日报》记者,在新一轮巴以冲突爆发一年之际，美国财政部7日以为哈马斯提供资助为由，对第三国的个人和实体实施制裁。我们还注意到，9月底美国再次对以色列提供了87亿美元军事援助。请问发言人对此有何评论？,no,0,0,0,0,0,0,,,B提出新的国际新闻问题，与A关于外交机构袭击的表态没有相邻共鸣关系。,,ai_assisted_unreviewed,0,,,,,,,,,,,,ai_assisted_unreviewed,0,,,,,,,,,,,,gold_candidate_v3_carried_from_v2,0,,,,,,,,,,,,0,,frozen_gold_v1,formal_300_v1_gold_candidate_v3,2026-06-21
F300V1-0265,2736207,文本对话,世说新语,裴令公,裴至，下席于地，哭吊喭毕，便去。,,【人】：凡吊，主人哭，客乃为礼。阮既不哭，君何为哭？,yes,1,0,1,1,1,0,哭吊 ||| 哭,阮既不哭 ||| 君何为哭,B复现“哭”，并对A中哭吊行为提出礼法层面的追问和纠正，形成修正与对比。,,ai_assisted_unreviewed,0,,,,,,,,,,,,ai_assisted_unreviewed,0,,,,,,,,,,,,gold_candidate_v3_carried_from_v2,0,,,,,,,,,,,,0,,frozen_gold_v1,formal_300_v1_gold_candidate_v3,2026-06-21
F300V1-0266,2733965,文本对话,孟子,问者,王勿异也。王问臣，臣不敢不以正对,孟子,君有过则谏，反覆之而不听，则去,yes,0,0,1,0,0,0,以正对,君有过则谏,B用“君有过则谏”解释A中“以正对”的行为原则，属于语义选择性承接。,,ai_assisted_unreviewed,0,,,,,,,,,,,,ai_assisted_unreviewed,0,,,,,,,,,,,,gold_candidate_v3_carried_from_v2,0,,,,,,,,,,,,0,,frozen_gold_v1,formal_300_v1_gold_candidate_v3,2026-06-21
F300V1-0267,2683937,文本对话,红楼梦,探春,我一肚子气，没人煞性子，正要拿他奶奶出气去，偏他碰了来，说了这些话，叫我也没了主意了。,丙,环爷和兰哥儿家学里这一年的银子，是做那一项用的？,no,0,0,0,0,0,0,,,B转问家学银子的用途，与A关于出气和没主意的叙述缺少稳定映射。,,ai_assisted_unreviewed,0,,,,,,,,,,,,ai_assisted_unreviewed,0,,,,,,,,,,,,gold_candidate_v3_carried_from_v2,0,,,,,,,,,,,,0,,frozen_gold_v1,formal_300_v1_gold_candidate_v3,2026-06-21
F300V1-0268,2734137,文本对话,论语,子路,有之。诔曰：祷尔于上下神祗,孔子,丘之祷久矣,yes,1,0,1,0,0,0,祷,丘之祷久矣,B复现“祷”，并将A引用的祈祷内容转化为自身长期祈祷的说明。,,ai_assisted_unreviewed,0,,,,,,,,,,,,ai_assisted_unreviewed,0,,,,,,,,,,,,gold_candidate_v3_carried_from_v2,0,,,,,,,,,,,,0,,frozen_gold_v1,formal_300_v1_gold_candidate_v3,2026-06-21
F300V1-0269,2724646,文本对话,清平山堂话本,窦仪,秦将白起也。,太祖,莫非坑赵卒四十万乎？,yes,0,0,1,0,0,0,秦将白起,坑赵卒四十万,B用白起坑赵卒的事迹确认并扩展A中的人物身份。,,ai_assisted_unreviewed,0,,,,,,,,,,,,ai_assisted_unreviewed,0,,,,,,,,,,,,gold_candidate_v3_carried_from_v2,0,,,,,,,,,,,,0,,frozen_gold_v1,formal_300_v1_gold_candidate_v3,2026-06-21
F300V1-0270,2750639,日常对话,qingyun-11w,问,不要死,答,我現在不會死住！,yes,1,0,1,0,0,0,不要死,我現在不會死住,B复现“死”，并回应A的“不要死”请求，说明自己不会死。,,ai_assisted_unreviewed,0,,,,,,,,,,,,ai_assisted_unreviewed,0,,,,,,,,,,,,gold_candidate_v3_carried_from_v2,0,,,,,,,,,,,,0,,frozen_gold_v1,formal_300_v1_gold_candidate_v3,2026-06-21
F300V1-0271,2754026,网络回帖,tieba-305w,上帖,我魔的私人飞机呢？,回帖,这两人不是主力吧，如果是波霸或者鸭子这些，我抬也会派私人飞机接。,yes,1,0,1,0,0,0,私人飞机,私人飞机接,B复现“私人飞机”，并围绕A提出的接送资源继续评价。,,ai_assisted_unreviewed,0,,,,,,,,,,,,ai_assisted_unreviewed,0,,,,,,,,,,,,gold_candidate_v3_carried_from_v2,0,,,,,,,,,,,,0,,frozen_gold_v1,formal_300_v1_gold_candidate_v3,2026-06-21
F300V1-0272,2734244,文本对话,论语,孔子,有恶。恶称人之恶者，恶居下流而讪上者，恶勇而无礼者，恶果敢而窒者,子贡,赐也亦有恶乎。恶敫以为知者，恶不孙以为勇者，恶讦以为直者,yes,1,1,1,0,0,0,恶 ||| 有恶,亦有恶乎 ||| 恶敫以为知者,B复现“恶/有恶”框架，并以同类列举结构继续展开。,,ai_assisted_unreviewed,0,,,,,,,,,,,,ai_assisted_unreviewed,0,,,,,,,,,,,,gold_candidate_v3_carried_from_v2,0,,,,,,,,,,,,0,,frozen_gold_v1,formal_300_v1_gold_candidate_v3,2026-06-21
F300V1-0273,2903239,日常对话,douban-multiturn-100w,乙,客人也会教真是有耐心的客人啊调酒有配方或者比例吧怎么掌握量,甲,当然有方子和比例了量是用量酒器控制的不难掌握,yes,1,0,1,0,0,0,配方或者比例 ||| 掌握量,方子和比例 ||| 量酒器,B复现“方子/比例/量”等核心词，并回答A关于调酒掌握量的问题。,,ai_assisted_unreviewed,0,,,,,,,,,,,,ai_assisted_unreviewed,0,,,,,,,,,,,,gold_candidate_v3_carried_from_v2,0,,,,,,,,,,,,0,,frozen_gold_v1,formal_300_v1_gold_candidate_v3,2026-06-21
F300V1-0274,2693860,访谈语料,china_interview,简介,今年3月下旬，国家林业局宣布，我国将在2017年全面停止天然林的商业性采伐。进入5月上旬，一场席卷东北华北的沙尘暴，意外地引起了公众对森林尤其是天然林保护的关注。那么，森林能在多大程度上影响天气及我们的生活？我国天然林的现状又是怎样的？国家林业主管部门又将采取哪些措施来保证全面禁伐政策得到落实？《中国访谈》特邀国家林业局天然林保护工程管理中心主任孙国吉对相关政策进行解读。,中国网,各位网友大家好！“中国访谈 世界对话”，欢迎您的收看。今年3月下旬，国家林业局宣布，将在全国全面禁止天然林的商业性砍伐。进入5月上旬，一场席卷东北、华北的沙尘暴，意外地引起了公众对森林尤其是天然林保护的关注。那么，森林会在多大程度上影响我们的生活？我国天然林的现状是怎样的？国家又将采取什么措施来保证全面禁伐政策得到落实？《中国访谈》特邀国家林业局天然林保护工程管理中心主任孙国吉对相关政策进行解读。 孙主任您好，感谢您作客《中国访谈》。 2017-05-10 14:41:04,yes,1,1,1,0,0,0,天然林 ||| 沙尘暴 ||| 影响,天然林 ||| 沙尘暴 ||| 影响,B几乎复述A中的访谈导语和问题框架，形成强复现与结构平行。,,ai_assisted_unreviewed,0,,,,,,,,,,,,ai_assisted_unreviewed,0,,,,,,,,,,,,gold_candidate_v3_carried_from_v2,0,,,,,,,,,,,,0,,frozen_gold_v1,formal_300_v1_gold_candidate_v3,2026-06-21
F300V1-0275,2680252,文本对话,红楼梦,丙,方才世兄有云，‘编新不如述旧’，此处古人已道尽矣，莫若直书‘杏花村’妙极，,贾珍,正亏提醒了我。此处都妙极，只是还少一个酒幌。明日竟作一个，不必华丽，就依外面村庄的式样作来，用竹竿挑在树梢。,yes,0,0,1,0,0,0,杏花村,此处 ||| 少一个酒幌,B用“此处”稳定指回A提出的题名/景物方案，并补充酒幌细节。,,ai_assisted_unreviewed,0,,,,,,,,,,,,ai_assisted_unreviewed,0,,,,,,,,,,,,gold_candidate_v3_carried_from_v2,0,,,,,,,,,,,,0,,frozen_gold_v1,formal_300_v1_gold_candidate_v3,2026-06-21
F300V1-0276,2733922,文本对话,孟子,孟子,尊者赐之，曰‘其所取之者，义乎，不义乎’，而后受之，以是为不恭，故弗却也,万章,请无以辞却之，以心却之，曰‘其取诸民之不义也’，而以他辞无受，不可乎？,yes,1,0,1,1,1,0,不义 ||| 受之,不义也 ||| 无受,B复现“不义/受”，并把A的受礼理由转化为另一种拒受方案的追问，形成修正和对比。,,ai_assisted_unreviewed,0,,,,,,,,,,,,ai_assisted_unreviewed,0,,,,,,,,,,,,gold_candidate_v3_carried_from_v2,0,,,,,,,,,,,,0,,frozen_gold_v1,formal_300_v1_gold_candidate_v3,2026-06-21
F300V1-0277,2734592,文本对话,老乞大,乙,你则说卖的价钱，没来由这般胡讨价钱。,甲,我不是矫商量的。你说的是时，两三句话，交易便成了。,yes,0,0,1,0,1,0,胡讨价钱,我不是矫商量的,B承接A对讨价的指责并否认自己是在乱商量，形成选择性承接和对比。,,ai_assisted_unreviewed,0,,,,,,,,,,,,ai_assisted_unreviewed,0,,,,,,,,,,,,gold_candidate_v3_carried_from_v2,0,,,,,,,,,,,,0,,frozen_gold_v1,formal_300_v1_gold_candidate_v3,2026-06-21
F300V1-0278,2735114,文本对话,朴通事,甲,你说我地面里的田禾如何？今年那里庆尚、全罗、黄海、忠清、江原各道里，十分好田禾。谢天地，只愿的好收着。,乙,听的今年水贼广，是那不是？,no,0,0,0,0,0,0,,,B转问水贼情况，与A关于田禾收成的说明缺少稳定句法或语义映射。,,ai_assisted_unreviewed,0,,,,,,,,,,,,ai_assisted_unreviewed,0,,,,,,,,,,,,gold_candidate_v3_after_final_sanity,1,high,B转问水贼情况，与A关于田禾收成的说明缺少稳定句法或语义映射，维持no。,no,0,0,0,0,0,0,,,0,,frozen_gold_v1,formal_300_v1_gold_candidate_v3,2026-06-21
F300V1-0279,2765359,影视对白,subtitle-useless,,比如说我们认为女人都很温柔,,而男人总是能控制情绪,yes,0,1,1,0,1,1,女人都很温柔,男人总是能控制情绪,B以“女人/男人”的对举结构延续A的性别刻板判断，形成平行和对比式类比。,,ai_assisted_unreviewed,0,,,,,,,,,,,,ai_assisted_unreviewed,0,,,,,,,,,,,,gold_candidate_v3_after_final_sanity,1,,维持原判（依据本轮文字确认：12条全部维持原判，修改数为0；复核包文件中该行final列未保存）,yes,0,1,1,0,1,1,女人都很温柔,男人总是能控制情绪,1,,frozen_gold_v1,formal_300_v1_gold_candidate_v3,2026-06-21
F300V1-0280,2709586,日常对话,青云语料,问,无论大小都实成,答,我不是大便，我的粉丝也不是苍蝇,uncertain,?,?,?,?,?,0,大小,大便,B可能利用“大小/大便”作谐音或误解式回应，但语义混乱，难以稳定判断是否为有效共鸣。,疑似谐音玩笑或错配，核心机制不稳定。,top30_reviewed,1,low,B可能利用“大小/大便”作谐音或误解式回应，但语义混乱，核心机制不稳定，保留uncertain。,uncertain,?,?,?,?,?,0,大小,大便,top30_reviewed,0,,,,,,,,,,,,gold_candidate_v3_carried_from_v2,0,,,,,,,,,,,,0,,frozen_gold_v1,formal_300_v1_gold_candidate_v3,2026-06-21
F300V1-0281,2722789,文本对话,骆驼祥子,小马儿,别说那个！,老车夫,说说不要紧！都不是外人！孩子心重，甭提多幺要强啦！媳妇也走了。我们爷儿俩就吃这辆车；车破，可是我们自己的，就仗着天天不必为车份儿着急。挣多挣少，我们爷儿俩苦混，无法！无法！,yes,1,0,1,0,1,0,别说那个,说说不要紧,B复现“说”，并直接反转A的“别说”禁令，形成选择性承接和对比。,,ai_assisted_unreviewed,0,,,,,,,,,,,,ai_assisted_unreviewed,0,,,,,,,,,,,,gold_candidate_v3_carried_from_v2,0,,,,,,,,,,,,0,,frozen_gold_v1,formal_300_v1_gold_candidate_v3,2026-06-21
F300V1-0282,2724173,文本对话,清平山堂话本,张学究,孩儿休问，烧了纸，回家去。,安住,父亲不通名姓，有失其亲。我要性命如何？不如寻个自刎。,yes,0,0,1,0,1,0,孩儿休问 ||| 回家去,我要性命如何 ||| 不如寻个自刎,B承接A让其不要追问、回家的指令，并以亲情/性命理由拒绝，形成对比。,,ai_assisted_unreviewed,0,,,,,,,,,,,,ai_assisted_unreviewed,0,,,,,,,,,,,,gold_candidate_v3_carried_from_v2,0,,,,,,,,,,,,0,,frozen_gold_v1,formal_300_v1_gold_candidate_v3,2026-06-21
F300V1-0283,2820296,日常对话,chatterbot,,什么是喜欢做一个机器人,,"与人类一样,除了我们缺乏所有的情感,梦想,愿望,创造力,野心,尤其是主观性。",yes,0,1,1,0,0,0,什么是喜欢做一个机器人,与人类一样,B以类比人类的方式填入A对“做机器人是什么样”的开放槽位。,,ai_assisted_unreviewed,0,,,,,,,,,,,,ai_assisted_unreviewed,0,,,,,,,,,,,,gold_candidate_v3_carried_from_v2,0,,,,,,,,,,,,0,,frozen_gold_v1,formal_300_v1_gold_candidate_v3,2026-06-21
F300V1-0284,2683146,日常对话,qingyun-11w,问,真好!但是没人理,答,没人理就自己玩嘛,yes,1,0,1,0,0,0,没人理,没人理就自己玩嘛,B复现“没人理”，并把A的抱怨转化为自处建议。,,ai_assisted_unreviewed,0,,,,,,,,,,,,ai_assisted_unreviewed,0,,,,,,,,,,,,gold_candidate_v3_carried_from_v2,0,,,,,,,,,,,,0,,frozen_gold_v1,formal_300_v1_gold_candidate_v3,2026-06-21
F300V1-0285,2735911,文本对话,世说新语,周伯仁,鉴方臣，如有功夫。,郗鉴,周顗比臣，有国士门风。,yes,0,1,1,0,0,0,臣,比臣,B以“比臣”承接A中的自比评价，并给出另一人物的比较判断。,,ai_assisted_unreviewed,0,,,,,,,,,,,,ai_assisted_unreviewed,0,,,,,,,,,,,,gold_candidate_v3_carried_from_v2,0,,,,,,,,,,,,0,,frozen_gold_v1,formal_300_v1_gold_candidate_v3,2026-06-21
F300V1-0286,2731631,文本对话,朱子语类,问者,中正即礼智，何以不直言『礼智』，而曰『中正』？,朱子,『礼智』字不似『中正』字，却实。且中者，礼之极；正者，智之体，正是智亲切处。伊川解『贞』字，谓『正而固』也。一『正』字未尽，必兼『固』字。所谓『智之实，知斯二者弗去是也』。智是端的真知，恁地便是正。弗去，便是固。所以『正』字较亲切,yes,1,0,1,1,1,0,礼智 ||| 中正,礼智 ||| 中正,B复现“礼智/中正”，并解释为什么用中正而非直言礼智，形成概念修正和对比。,,ai_assisted_unreviewed,0,,,,,,,,,,,,ai_assisted_unreviewed,0,,,,,,,,,,,,gold_candidate_v3_carried_from_v2,0,,,,,,,,,,,,0,,frozen_gold_v1,formal_300_v1_gold_candidate_v3,2026-06-21
F300V1-0287,2696063,访谈语料,mfa_press,俄新社记者,据报道，三名北约官员透露，北约正在讨论如果与俄罗斯发生更广泛的冲突，将收回一些中国在欧洲拥有的基础设施项目。中方对此有何评论？,林剑,有关言论是北约意图越界扩权、搞阵营对抗的又一体现。中俄关系建立在不结盟、不对抗、不针对第三方基础上，中欧经济合作符合双方利益。北约以与俄冲突为由，干扰破坏中欧合作，毫无道理，各方应坚决抵制。,yes,1,0,1,0,1,0,北约 ||| 中国,北约 ||| 中欧合作,B复现“北约”等核心对象，并反驳A所引北约相关言论。,,ai_assisted_unreviewed,0,,,,,,,,,,,,ai_assisted_unreviewed,0,,,,,,,,,,,,gold_candidate_v3_carried_from_v2,0,,,,,,,,,,,,0,,frozen_gold_v1,formal_300_v1_gold_candidate_v3,2026-06-21
F300V1-0288,2711806,文本对话,西游记,三藏,怎么叫做将计就计？,行者,你若使住法儿不允他，他便不肯倒换关文，不放我们走路。倘或意恶心毒，喝令多人割了你肉，做甚么香袋啊，我等岂有善报？一定要使出降魔荡怪的神通。你知我们的手脚又重，器械又凶，但动动手儿，这一国的人尽打杀了。他虽然阻当我等，却不是怪物妖精，还是一国人身；你又平素是个好善慈悲的人，在路上一灵不损，若打杀无限的平人，你心何忍！诚为不善了也。,yes,0,0,1,0,0,0,怎么叫做将计就计,你若使住法儿不允他,B用具体策略解释A问的“将计就计”，属于定义/解释型填槽。,,ai_assisted_unreviewed,0,,,,,,,,,,,,ai_assisted_unreviewed,0,,,,,,,,,,,,gold_candidate_v3_carried_from_v2,0,,,,,,,,,,,,0,,frozen_gold_v1,formal_300_v1_gold_candidate_v3,2026-06-21
F300V1-0289,2751423,日常对话,chatterbot-1k,,你需要更努力地工作,,我努力工作是一个矛盾。,yes,1,0,1,0,1,0,更努力地工作,努力工作,B复现“努力工作”，并把A的建议转化为“矛盾”的反向评价。,,ai_assisted_unreviewed,0,,,,,,,,,,,,ai_assisted_unreviewed,0,,,,,,,,,,,,gold_candidate_v3_carried_from_v2,0,,,,,,,,,,,,0,,frozen_gold_v1,formal_300_v1_gold_candidate_v3,2026-06-21
F300V1-0290,2723647,文本对话,唐传奇,王仙客,我闻宫嫔选在掖庭，多是衣冠子女，我恐无双在焉。汝为我一窥，可乎？,塞鸿,宫嫔数千，岂便及无双。,yes,1,0,1,0,1,0,宫嫔 ||| 无双,宫嫔数千 ||| 岂便及无双,B复现“宫嫔/无双”，并对A担忧无双在宫中的推测作反向判断。,,ai_assisted_unreviewed,0,,,,,,,,,,,,ai_assisted_unreviewed,0,,,,,,,,,,,,gold_candidate_v3_carried_from_v2,0,,,,,,,,,,,,0,,frozen_gold_v1,formal_300_v1_gold_candidate_v3,2026-06-21
F300V1-0291,2699988,文本对话,水浒传,武松,你们却如何在这日头里做工？,众囚徒,我们拨在这里做生活时，便是人间天上了，如何敢指望嫌热坐地！还别有那没人情的，将去锁在大牢里，求生不得生，求死不得死，大铁链锁着，也要过哩！,yes,1,0,1,0,0,0,做工,做生活 ||| 嫌热,B复现“做”相关劳动框架，并解释为何在日头里做工仍不敢嫌热。,,ai_assisted_unreviewed,0,,,,,,,,,,,,ai_assisted_unreviewed,0,,,,,,,,,,,,gold_candidate_v3_carried_from_v2,0,,,,,,,,,,,,0,,frozen_gold_v1,formal_300_v1_gold_candidate_v3,2026-06-21
F300V1-0292,2717774,文本对话,平凡的世界,老太太,是……猫蛋？她不是好好的吗？,少平,不是嘛，是我姐夫！,yes,1,0,1,1,1,0,猫蛋 ||| 不是,不是嘛 ||| 我姐夫,B复现“不是”，并纠正A对对象的误认，形成修正和对比。,,ai_assisted_unreviewed,0,,,,,,,,,,,,ai_assisted_unreviewed,0,,,,,,,,,,,,gold_candidate_v3_carried_from_v2,0,,,,,,,,,,,,0,,frozen_gold_v1,formal_300_v1_gold_candidate_v3,2026-06-21
F300V1-0293,2679316,文本对话,雷雨,周蘩漪,你真没有点男子气，我要是你，我就打了她，烧了她，杀了她。你真是糊涂虫，没有一点生气的。你还是父亲养的，你父亲的小绵羊。我看错你了，你不是我的，你不是我的儿子。,周萍,你是冲弟弟的母亲么？你这样说话。,yes,0,0,1,0,1,0,你真没有点男子气,你这样说话,B承接A对自己的激烈指责，并反向质疑A“这样说话”，形成对比回应。,,ai_assisted_unreviewed,0,,,,,,,,,,,,ai_assisted_unreviewed,0,,,,,,,,,,,,gold_candidate_v3_carried_from_v2,0,,,,,,,,,,,,0,,frozen_gold_v1,formal_300_v1_gold_candidate_v3,2026-06-21
F300V1-0294,2694223,访谈语料,china_live,张晗,为什么一些外媒会认为“台湾是全球最危险地区”？就是因为民进党当局顽固坚持“台独”分裂立场，拒不承认体现一个中国原则的“九二共识”，勾连外部势力不断谋“独”挑衅，升高两岸对立对抗，破坏台海和平稳定。他们所谓的“布局全球”，不过是通过出卖台湾同胞利益福祉、拱手奉送岛内优势产业、技术和人才，换取外部势力欢心。他们所谓的“发展契机”，不过是置台湾民众的安全福祉于不顾，为贪得无厌的“台独”利益集团食利自肥制造借口。赖清德这些言论，更加暴露了其为“倚外谋独”混淆是非、颠倒黑白的卑劣本质。,台湾“中央社”记者,第一个问题，关于“国共两党智库论坛”，请问会否涉及两党党主席会面安排，能否介绍大陆方面的出席层级？第二个问题，请问近期大陆方面军方高层人事动荡会否影响两岸关系发展？,no,0,0,0,0,0,0,,,B提出新的两岸问题，与A长段评论之间没有稳定相邻共鸣关系。,,ai_assisted_unreviewed,0,,,,,,,,,,,,ai_assisted_unreviewed,0,,,,,,,,,,,,gold_candidate_v3_carried_from_v2,0,,,,,,,,,,,,0,,frozen_gold_v1,formal_300_v1_gold_candidate_v3,2026-06-21
F300V1-0295,2867169,网络回帖,tieba-305w,上帖,楼主也没黑c兰吧 充其量就是阅历不足而已 不像娜吧直接跟你们吹49场不败,回帖,a妹出现,no,0,0,0,0,0,0,,,B只是插入“A妹出现”的新话题，未承接A关于c罗/娜吧的论述。,,ai_assisted_unreviewed,0,,,,,,,,,,,,ai_assisted_unreviewed,0,,,,,,,,,,,,gold_candidate_v3_carried_from_v2,0,,,,,,,,,,,,0,,frozen_gold_v1,formal_300_v1_gold_candidate_v3,2026-06-21
F300V1-0296,2734120,文本对话,论语,季康子,赐也可使从政也与？,孔子,赐也达，于从政乎何有！,yes,1,1,1,0,0,0,赐也 ||| 从政,赐也达 ||| 从政,B复现“赐也/从政”，并用“达”回答A对从政能力的询问。,,ai_assisted_unreviewed,0,,,,,,,,,,,,ai_assisted_unreviewed,0,,,,,,,,,,,,gold_candidate_v3_carried_from_v2,0,,,,,,,,,,,,0,,frozen_gold_v1,formal_300_v1_gold_candidate_v3,2026-06-21
F300V1-0297,3003548,日常对话,douban-multiturn-100w,甲,你们每天几点出门上班下班到家几点了,乙,7 40起床8 00出门8 06到单位17 30下班17 36到家,yes,1,1,1,0,0,0,几点出门上班下班到家几点,出门 ||| 下班 ||| 到家,B按A提出的出门、下班、到家时间槽位逐项作答，形成强填槽和平行。,,ai_assisted_unreviewed,0,,,,,,,,,,,,ai_assisted_unreviewed,0,,,,,,,,,,,,gold_candidate_v3_carried_from_v2,0,,,,,,,,,,,,0,,frozen_gold_v1,formal_300_v1_gold_candidate_v3,2026-06-21
F300V1-0298,2693772,访谈语料,china_interview,中国网,如何能更好地撬动国际文化产业资源，实现合作共荣地可持续发展？,于新芳,其实这也是两个方面，一方面撬动“一带一路”国家能够参与进来，更重要的是我们能够参与“一带一路”：通过文化创意，通过这个平台参与“一带一路”建设。,yes,1,0,1,0,0,0,撬动国际文化产业资源,撬动“一带一路”国家,B复现“撬动”及文化产业合作议题，并解释实现合作共荣的路径。,,ai_assisted_unreviewed,0,,,,,,,,,,,,ai_assisted_unreviewed,0,,,,,,,,,,,,gold_candidate_v3_carried_from_v2,0,,,,,,,,,,,,0,,frozen_gold_v1,formal_300_v1_gold_candidate_v3,2026-06-21
F300V1-0299,2689524,文本对话,红楼梦,过念头想,我若是死在这里，倒把太太的好心弄坏了。我该死在家里才是。,丙,哥哥办事不错，若是死在哥哥家里，岂不又害了哥哥呢。,yes,1,1,1,0,1,1,死在这里,死在哥哥家里 ||| 害了哥哥,B复现“死在X/害了Y”的论证框架，并替换人物关系反向劝说，构成平行、对比和类比候选。,,ai_assisted_unreviewed,0,,,,,,,,,,,,ai_assisted_unreviewed,0,,,,,,,,,,,,gold_candidate_v3_carried_from_v2,0,,,,,,,,,,,,0,,frozen_gold_v1,formal_300_v1_gold_candidate_v3,2026-06-21
F300V1-0300,2733984,文本对话,孟子,公都子,告子曰：‘性无善无不善也。’或曰：‘性可以为善，可以为不善；是故文武兴，则民好善；幽厉兴，则民好暴。’或曰：‘有性善，有性不善；是故以尧为君而有象，以瞽瞍为父而有舜；以纣为兄之子且以为君，而有微子启、王子比干。’今曰‘性善’，然则彼皆非与？,孟子,乃若其情，则可以为善矣，乃所谓善也。若夫为不善，非才之罪也。恻隐之心，人皆有之；羞恶之心，人皆有之；恭敬之心，人皆有之；是非之心，人皆有之。恻隐之心，仁也；羞恶之心，义也；恭敬之心，礼也；是非之心，智也。仁义礼智，非由外铄我也，我固有之也，弗思耳矣。故曰：‘求则得之，舍则失之。’或相倍蓰而无算者，不能尽其才者也。诗曰：‘天生蒸民，有物有则。民之秉彝，好是懿德。’孔子曰：‘为此诗者，其知道乎！故有物必有则，民之秉彝也，故好是懿德。’,yes,1,0,1,1,1,0,性善 ||| 为善 ||| 不善,可以为善 ||| 为不善，非才之罪也,B复现“善/不善”核心概念，并对A提出的性善疑难作系统解释和修正。,,ai_assisted_unreviewed,0,,,,,,,,,,,,ai_assisted_unreviewed,0,,,,,,,,,,,,gold_candidate_v3_carried_from_v2,0,,,,,,,,,,,,0,,frozen_gold_v1,formal_300_v1_gold_candidate_v3,2026-06-21
